2022-05-05 01:14:18,Clear,8.8,9.0,83,6.1,NW,5.8,16.1,1021.7
2022-05-05 01:19:18,Clear,8.8,9.0,83,6.1,NW,5.8,16.1,1021.7
2022-05-05 01:24:18,Clear,8.8,9.0,83,6.1,NW,5.8,16.1,1021.7
2022-05-05 01:29:18,Clear,8.8,9.0,83,6.1,NW,5.8,16.1,1021.7
2022-05-05 01:34:18,Clear,8.8,9.0,83,6.1,NW,5.8,16.1,1021.7
2022-05-05 01:39:18,Clear,8.8,9.0,83,6.1,NW,5.8,16.1,1021.7
2022-05-05 01:44:18,Clear,8.8,9.0,83,6.1,NW,5.8,16.1,1021.7
2022-05-05 01:49:18,Clear,8.8,9.0,83,6.1,NW,5.8,16.1,1021.7
2022-05-05 10:24:59,Partly sunny,13.6,14.1,67,7.7,W,9.4,16.1,1024.0
2022-05-05 10:29:59,Partly sunny,13.6,14.1,67,7.7,W,9.4,16.1,1024.0
2022-05-05 10:34:59,Partly sunny,13.6,14.1,67,7.7,W,9.4,16.1,1024.0
2022-05-05 10:39:59,Partly sunny,13.6,14.1,67,7.7,W,9.4,16.1,1024.0
2022-05-05 10:44:59,Partly sunny,13.6,14.1,67,7.7,W,9.4,16.1,1024.0
2022-05-05 10:49:59,Partly sunny,13.6,14.1,67,7.7,W,9.4,16.1,1024.0
2022-05-05 10:54:59,Partly sunny,13.6,14.1,67,7.7,W,9.4,16.1,1024.0
2022-05-05 10:59:59,Partly sunny,13.6,14.1,67,7.7,W,9.4,16.1,1024.0
2022-05-05 11:06:32,Partly sunny,13.6,15.4,67,7.7,W,9.4,16.1,1024.0
2022-05-05 11:11:32,Partly sunny,13.6,15.4,67,7.7,W,9.4,16.1,1024.0
2022-05-05 11:24:37,Mostly cloudy,15.3,16.1,58,7.1,WSW,9.4,16.1,1024.0
2022-05-05 11:25:37,Mostly cloudy,15.3,16.1,58,7.1,WSW,9.4,16.1,1024.0
2022-05-05 11:26:37,Mostly cloudy,15.3,16.1,58,7.1,WSW,9.4,16.1,1024.0
2022-05-05 11:27:37,Mostly cloudy,15.3,16.1,58,7.1,WSW,9.4,16.1,1024.0
2022-05-05 11:28:37,Mostly cloudy,15.3,16.1,58,7.1,WSW,9.4,16.1,1024.0
2022-05-05 11:29:37,Mostly cloudy,15.3,16.1,58,7.1,WSW,9.4,16.1,1024.0
2022-05-05 11:30:37,Mostly cloudy,15.3,16.1,58,7.1,WSW,9.4,16.1,1024.0
2022-05-05 11:31:37,Mostly cloudy,15.3,16.1,58,7.1,WSW,9.4,16.1,1024.0
2022-05-05 11:32:38,Mostly cloudy,15.3,16.1,58,7.1,WSW,9.4,16.1,1024.0
2022-05-05 11:33:38,Mostly cloudy,15.3,16.1,58,7.1,WSW,9.4,16.1,1024.0
2022-05-05 11:34:38,Mostly cloudy,15.3,16.1,58,7.1,WSW,9.4,16.1,1024.0
2022-05-05 11:35:38,Mostly cloudy,15.3,16.1,58,7.1,WSW,9.4,16.1,1024.0
2022-05-05 11:36:38,Mostly cloudy,15.3,16.1,58,7.1,WSW,9.4,16.1,1024.0
2022-05-05 11:37:38,Mostly cloudy,15.3,16.1,58,7.1,WSW,9.4,16.1,1024.0
2022-05-05 11:38:38,Mostly cloudy,15.3,16.1,58,7.1,WSW,9.4,16.1,1024.0
2022-05-05 11:39:38,Mostly cloudy,15.3,16.1,58,7.1,WSW,9.4,16.1,1024.0
2022-05-05 11:40:38,Mostly cloudy,15.3,16.1,58,7.1,WSW,9.4,16.1,1024.0
2022-05-05 11:41:38,Mostly cloudy,15.3,16.1,58,7.1,WSW,9.4,16.1,1024.0
2022-05-05 11:42:38,Mostly cloudy,15.3,16.1,58,7.1,WSW,9.4,16.1,1024.0
2022-05-05 11:43:38,Mostly cloudy,15.3,16.1,58,7.1,WSW,9.4,16.1,1024.0
2022-05-05 11:44:38,Mostly cloudy,15.3,16.1,58,7.1,WSW,9.4,16.1,1024.0
2022-05-05 11:45:38,Mostly cloudy,15.3,16.1,58,7.1,WSW,9.4,16.1,1024.0
2022-05-05 11:46:38,Mostly cloudy,15.3,16.1,58,7.1,WSW,9.4,16.1,1024.0
2022-05-05 11:47:38,Mostly cloudy,15.3,16.1,58,7.1,WSW,9.4,16.1,1024.0
2022-05-05 11:48:38,Mostly cloudy,15.3,16.1,58,7.1,WSW,9.4,16.1,1024.0
2022-05-05 11:49:38,Mostly cloudy,15.3,16.1,58,7.1,WSW,9.4,16.1,1024.0
2022-05-05 11:50:38,Mostly cloudy,15.3,16.1,58,7.1,WSW,9.4,16.1,1024.0
2022-05-05 11:51:38,Mostly cloudy,15.3,16.1,58,7.1,WSW,9.4,16.1,1024.0
2022-05-05 11:52:38,Mostly cloudy,15.3,16.1,58,7.1,WSW,9.4,16.1,1024.0
2022-05-05 11:53:38,Mostly cloudy,15.3,16.1,58,7.1,WSW,9.4,16.1,1024.0
2022-05-05 11:54:38,Mostly cloudy,15.3,16.1,58,7.1,WSW,9.4,16.1,1024.0
2022-05-05 11:55:38,Mostly cloudy,15.3,16.1,58,7.1,WSW,9.4,16.1,1024.0
2022-05-05 11:56:38,Mostly cloudy,15.3,16.1,58,7.1,WSW,9.4,16.1,1024.0
2022-05-05 11:57:38,Mostly cloudy,15.3,16.1,58,7.1,WSW,9.4,16.1,1024.0
2022-05-05 11:58:38,Mostly cloudy,15.3,16.1,58,7.1,WSW,9.4,16.1,1024.0
2022-05-05 11:59:38,Mostly cloudy,15.3,16.1,58,7.1,WSW,9.4,16.1,1024.0
2022-05-05 12:00:38,Mostly cloudy,15.3,16.1,58,7.1,WSW,9.4,16.1,1024.0
2022-05-05 12:01:38,Mostly cloudy,15.3,16.1,58,7.1,WSW,9.4,16.1,1024.0
2022-05-05 12:02:38,Mostly cloudy,15.3,16.1,58,7.1,WSW,9.4,16.1,1024.0
2022-05-05 12:03:38,Mostly cloudy,15.3,16.1,58,7.1,WSW,9.4,16.1,1024.0
2022-05-05 12:04:38,Mostly cloudy,15.3,16.1,58,7.1,WSW,9.4,16.1,1024.0
2022-05-05 12:05:38,Mostly cloudy,15.3,16.1,58,7.1,WSW,9.4,16.1,1024.0
2022-05-05 12:06:38,Mostly cloudy,15.3,16.1,58,7.1,WSW,9.4,16.1,1024.0
2022-05-05 12:07:38,Mostly cloudy,15.3,16.1,58,7.1,WSW,9.4,16.1,1024.0
2022-05-05 12:08:38,Mostly cloudy,15.3,16.1,58,7.1,WSW,9.4,16.1,1024.0
2022-05-05 12:09:38,Mostly cloudy,15.3,16.1,58,7.1,WSW,9.4,16.1,1024.0
2022-05-05 12:11:06,Sunny,16.9,20.2,52,7.1,WSW,9.4,16.1,1024.0
2022-05-05 12:12:06,Sunny,16.9,20.2,52,7.1,WSW,9.4,16.1,1024.0
2022-05-05 12:13:06,Sunny,16.9,20.2,52,7.1,WSW,9.4,16.1,1024.0
2022-05-05 12:14:06,Sunny,16.9,20.2,52,7.1,WSW,9.4,16.1,1024.0
2022-05-05 12:15:06,Sunny,16.9,20.2,52,7.1,WSW,9.4,16.1,1024.0
2022-05-05 12:16:06,Sunny,16.9,20.2,52,7.1,WSW,9.4,16.1,1024.0
2022-05-05 12:17:06,Sunny,16.9,20.2,52,7.1,WSW,9.4,16.1,1024.0
2022-05-05 12:18:06,Sunny,16.9,20.2,52,7.1,WSW,9.4,16.1,1024.0
2022-05-05 12:19:06,Sunny,16.9,20.2,52,7.1,WSW,9.4,16.1,1024.0
2022-05-05 12:20:06,Sunny,16.9,20.2,52,7.1,WSW,9.4,16.1,1024.0
2022-05-05 12:21:06,Sunny,16.9,20.2,52,7.1,WSW,9.4,16.1,1024.0
2022-05-05 12:22:06,Sunny,16.9,20.2,52,7.1,WSW,9.4,16.1,1024.0
2022-05-05 12:23:06,Sunny,16.9,20.2,52,7.1,WSW,9.4,16.1,1024.0
2022-05-05 12:24:06,Sunny,16.9,20.2,52,7.1,WSW,9.4,16.1,1024.0
2022-05-05 12:25:06,Sunny,16.9,20.2,52,7.1,WSW,9.4,16.1,1024.0
2022-05-05 12:26:06,Sunny,16.9,20.2,52,7.1,WSW,9.4,16.1,1024.0
2022-05-05 12:27:06,Sunny,16.9,20.2,52,7.1,WSW,9.4,16.1,1024.0
2022-05-05 12:28:06,Sunny,16.9,20.2,52,7.1,WSW,9.4,16.1,1024.0
2022-05-05 12:29:06,Sunny,16.9,20.2,52,7.1,WSW,9.4,16.1,1024.0
2022-05-05 12:30:06,Sunny,16.9,20.2,52,7.1,WSW,9.4,16.1,1024.0
2022-05-05 12:31:06,Sunny,16.9,20.2,52,7.1,WSW,9.4,16.1,1024.0
2022-05-05 12:32:37,Sunny,16.9,21.4,51,6.8,NW,9.4,16.1,1024.0
2022-05-05 12:33:37,Sunny,16.9,21.4,51,6.8,NW,9.4,16.1,1024.0
2022-05-05 12:34:37,Sunny,16.9,21.4,51,6.8,NW,9.4,16.1,1024.0
2022-05-05 12:35:37,Sunny,16.9,21.4,51,6.8,NW,9.4,16.1,1024.0
2022-05-05 12:36:44,Sunny,16.9,21.4,51,6.8,NW,9.4,16.1,1024.0
2022-05-05 12:37:45,Sunny,16.9,21.4,51,6.8,NW,9.4,16.1,1024.0
2022-05-05 12:38:45,Sunny,16.9,21.4,51,6.8,NW,9.4,16.1,1024.0
2022-05-05 12:39:46,Sunny,16.9,21.4,51,6.8,NW,9.4,16.1,1024.0
2022-05-05 12:40:46,Sunny,16.9,21.4,51,6.8,NW,9.4,16.1,1024.0
2022-05-05 12:41:47,Sunny,16.9,21.4,51,6.8,NW,9.4,16.1,1024.0
2022-05-05 12:42:48,Sunny,16.9,21.4,51,6.8,NW,9.4,16.1,1024.0
2022-05-05 12:43:48,Sunny,16.9,21.4,51,6.8,NW,9.4,16.1,1024.0
2022-05-05 12:44:48,Sunny,16.9,21.4,51,6.8,NW,9.4,16.1,1024.0
2022-05-05 12:45:49,Sunny,16.9,21.4,51,6.8,NW,9.4,16.1,1024.0
2022-05-05 12:46:49,Sunny,16.9,21.4,51,6.8,NW,9.4,16.1,1024.0
2022-05-05 12:47:50,Sunny,16.9,21.4,51,6.8,NW,9.4,16.1,1024.0
2022-05-05 12:48:51,Sunny,16.9,21.4,51,6.8,NW,9.4,16.1,1024.0
2022-05-05 12:49:52,Sunny,16.9,21.4,51,6.8,NW,9.4,16.1,1024.0
2022-05-05 12:50:53,Sunny,16.9,21.4,51,6.8,NW,9.4,16.1,1024.0
2022-05-05 12:51:53,Sunny,16.9,21.4,51,6.8,NW,9.4,16.1,1024.0
2022-05-05 12:52:54,Sunny,16.9,21.4,51,6.8,NW,9.4,16.1,1024.0
2022-05-05 12:53:54,Sunny,16.9,21.4,51,6.8,NW,9.4,16.1,1024.0
2022-05-05 12:54:55,Sunny,16.9,21.4,51,6.8,NW,9.4,16.1,1024.0
2022-05-05 12:55:55,Sunny,16.9,21.4,51,6.8,NW,9.4,16.1,1024.0
2022-05-05 12:56:56,Sunny,16.9,21.4,51,6.8,NW,9.4,16.1,1024.0
2022-05-05 12:57:56,Sunny,16.9,21.4,51,6.8,NW,9.4,16.1,1024.0
2022-05-05 12:58:57,Sunny,16.9,21.4,51,6.8,NW,9.4,16.1,1024.0
2022-05-05 12:59:58,Sunny,16.9,21.4,51,6.8,NW,9.4,16.1,1024.0
2022-05-05 13:00:58,Sunny,16.9,21.4,51,6.8,NW,9.4,16.1,1024.0
2022-05-05 13:01:59,Sunny,16.9,21.4,51,6.8,NW,9.4,16.1,1024.0
2022-05-05 13:02:59,Sunny,16.9,21.4,51,6.8,NW,9.4,16.1,1024.0
2022-05-05 13:04:00,Sunny,16.9,21.4,51,6.8,NW,9.4,16.1,1024.0
2022-05-05 13:05:00,Sunny,16.9,21.4,51,6.8,NW,9.4,16.1,1024.0
2022-05-05 13:06:01,Sunny,18.2,22.5,47,6.8,NW,9.4,16.1,1024.0
2022-05-05 13:07:01,Sunny,18.2,22.5,47,6.8,NW,9.4,16.1,1024.0
2022-05-05 13:08:02,Sunny,18.2,22.5,47,6.8,NW,9.4,16.1,1024.0
2022-05-05 13:09:02,Sunny,18.2,22.5,47,6.8,NW,9.4,16.1,1024.0
2022-05-05 13:10:03,Sunny,18.2,22.5,47,6.8,NW,9.4,16.1,1024.0
2022-05-05 13:11:03,Sunny,18.2,22.5,47,6.8,NW,9.4,16.1,1024.0
2022-05-05 13:12:04,Sunny,18.2,22.5,47,6.8,NW,9.4,16.1,1024.0
2022-05-05 13:13:09,Sunny,18.2,22.5,47,6.8,NW,9.4,16.1,1024.0
2022-05-05 13:14:09,Sunny,18.2,22.5,47,6.8,NW,9.4,16.1,1024.0
2022-05-05 13:15:10,Sunny,18.2,22.5,47,6.8,NW,9.4,16.1,1024.0
2022-05-05 13:16:10,Sunny,18.2,22.5,47,6.8,NW,9.4,16.1,1024.0
2022-05-05 13:17:11,Sunny,18.2,22.5,47,6.8,NW,9.4,16.1,1024.0
2022-05-05 13:18:11,Sunny,18.2,22.5,47,6.8,NW,9.4,16.1,1024.0
2022-05-05 13:19:11,Sunny,18.2,22.5,47,6.8,NW,9.4,16.1,1024.0
2022-05-05 13:20:12,Sunny,18.2,22.5,47,6.8,NW,9.4,16.1,1024.0
2022-05-05 13:21:12,Sunny,18.2,22.5,47,6.8,NW,9.4,16.1,1024.0
2022-05-05 13:22:13,Sunny,18.2,22.5,47,6.8,NW,9.4,16.1,1024.0
2022-05-05 13:23:14,Sunny,18.2,22.5,47,6.8,NW,9.4,16.1,1024.0
2022-05-05 13:24:14,Sunny,18.2,22.5,47,6.8,NW,9.4,16.1,1024.0
2022-05-05 13:25:15,Sunny,18.2,19.6,46,6.6,NW,9.0,16.1,1024.0
2022-05-05 13:26:15,Sunny,18.2,19.6,46,6.6,NW,9.0,16.1,1024.0
2022-05-05 13:27:16,Sunny,18.2,19.6,46,6.6,NW,9.0,16.1,1024.0
2022-05-05 13:28:16,Sunny,18.2,19.6,46,6.6,NW,9.0,16.1,1024.0
2022-05-05 13:29:17,Sunny,18.2,22.6,46,6.6,NW,9.0,16.1,1024.0
2022-05-05 13:30:17,Sunny,18.2,22.6,46,6.6,NW,9.0,16.1,1024.0
2022-05-05 13:31:18,Sunny,18.2,22.6,46,6.6,NW,9.0,16.1,1024.0
2022-05-05 13:32:18,Sunny,18.2,22.6,46,6.6,NW,9.0,16.1,1024.0
2022-05-05 13:33:19,Sunny,18.2,22.6,46,6.6,NW,9.0,16.1,1024.0
2022-05-05 13:34:19,Sunny,18.2,22.6,46,6.6,NW,9.0,16.1,1024.0
2022-05-05 13:35:20,Sunny,18.2,22.6,46,6.6,NW,9.0,16.1,1024.0
2022-05-05 13:36:21,Sunny,18.2,22.6,46,6.6,NW,9.0,16.1,1024.0
2022-05-07 12:08:21,Sunny,17.0,20.6,53,7.3,NNW,12.6,16.1,1026.0
2022-05-07 12:09:21,Sunny,17.0,20.6,53,7.3,NNW,12.6,16.1,1026.0
2022-05-07 12:10:21,Sunny,17.0,20.6,53,7.3,NNW,12.6,16.1,1026.0
2022-05-07 12:11:22,Sunny,17.0,20.6,53,7.3,NNW,12.6,16.1,1026.0
2022-05-07 12:12:22,Sunny,17.0,20.6,53,7.3,NNW,12.6,16.1,1026.0
2022-05-07 12:13:22,Sunny,17.0,20.6,53,7.3,NNW,12.6,16.1,1026.0
2022-05-07 12:14:23,Sunny,17.0,20.6,53,7.3,NNW,12.6,16.1,1026.0
2022-05-07 12:15:23,Sunny,17.0,20.6,53,7.3,NNW,12.6,16.1,1026.0
2022-05-07 12:16:23,Sunny,17.0,20.6,53,7.3,NNW,12.6,16.1,1026.0
2022-05-07 12:17:24,Sunny,17.0,20.6,53,7.3,NNW,12.6,16.1,1026.0
2022-05-07 12:18:24,Sunny,17.0,20.6,53,7.3,NNW,12.6,16.1,1026.0
2022-05-07 12:19:24,Sunny,17.0,20.6,53,7.3,NNW,12.6,16.1,1026.0
2022-05-07 12:20:25,Mostly sunny,17.0,20.6,53,7.3,NNW,12.6,16.1,1026.0
2022-05-07 12:21:25,Sunny,17.0,20.6,53,7.3,NNW,12.6,16.1,1026.0
2022-05-07 12:22:26,Sunny,17.0,20.6,53,7.3,NNW,12.6,16.1,1026.0
2022-05-07 12:23:26,Sunny,17.0,20.6,53,7.3,NNW,12.6,16.1,1026.0
2022-05-07 12:24:27,Mostly sunny,17.0,20.6,53,7.3,NNW,12.6,16.1,1026.0
2022-05-07 12:25:27,Mostly sunny,17.0,19.0,51,6.7,NNW,12.6,16.1,1026.0
2022-05-07 12:26:27,Mostly sunny,17.0,19.0,51,6.7,NNW,12.6,16.1,1026.0
2022-05-07 12:27:29,Mostly sunny,17.0,19.0,51,6.7,NNW,12.6,16.1,1026.0
2022-05-07 12:28:30,Mostly sunny,17.0,19.0,51,6.7,NNW,12.6,16.1,1026.0
2022-05-07 12:51:43,Mostly sunny,17.0,19.8,51,6.7,NNW,12.6,16.1,1027.0
2022-05-07 12:52:43,Mostly sunny,17.0,19.8,51,6.7,NNW,12.6,16.1,1027.0
2022-05-07 12:53:44,Mostly sunny,17.0,19.8,51,6.7,NNW,12.6,16.1,1027.0
2022-05-07 12:55:00,Mostly sunny,17.0,19.8,51,6.7,NNW,12.6,16.1,1027.0
2022-05-07 12:56:01,Mostly sunny,17.0,19.8,51,6.7,NNW,12.6,16.1,1027.0
2022-05-07 12:57:01,Mostly sunny,17.0,19.8,51,6.7,NNW,12.6,16.1,1027.0
2022-05-07 12:58:01,Mostly sunny,17.0,19.8,51,6.7,NNW,12.6,16.1,1027.0
2022-05-07 12:59:02,Mostly sunny,17.0,19.8,51,6.7,NNW,12.6,16.1,1027.0
2022-05-07 13:00:05,Mostly sunny,17.0,19.8,51,6.7,NNW,12.6,16.1,1027.0
2022-05-07 13:01:06,Sunny,17.0,19.8,51,6.7,NNW,12.6,16.1,1027.0
2022-05-07 13:02:06,Sunny,17.0,19.8,51,6.7,NNW,12.6,16.1,1027.0
2022-05-07 13:03:06,Sunny,17.0,19.8,51,6.7,NNW,12.6,16.1,1027.0
2022-05-07 13:04:07,Sunny,17.0,19.8,51,6.7,NNW,12.6,16.1,1027.0
2022-05-07 13:05:07,Sunny,17.0,19.8,51,6.7,NNW,12.6,16.1,1027.0
2022-05-07 13:06:07,Sunny,17.9,21.2,48,6.7,NNW,12.6,16.1,1026.0
2022-05-07 13:07:08,Sunny,17.9,21.2,48,6.7,NNW,12.6,16.1,1026.0
2022-05-07 13:08:08,Sunny,17.9,21.2,48,6.7,NNW,12.6,16.1,1026.0
2022-05-07 13:09:08,Sunny,17.9,21.2,48,6.7,NNW,12.6,16.1,1026.0
2022-05-07 13:10:09,Mostly sunny,17.9,21.2,48,6.7,NNW,12.6,16.1,1026.0
2022-05-07 13:11:09,Mostly sunny,17.9,21.2,48,6.7,NNW,12.6,16.1,1026.0
2022-05-07 13:12:09,Mostly sunny,17.9,21.2,48,6.7,NNW,12.6,16.1,1026.0
2022-05-07 13:13:10,Mostly sunny,17.9,21.2,48,6.7,NNW,12.6,16.1,1026.0
2022-05-07 13:14:10,Mostly sunny,17.9,21.2,48,6.7,NNW,12.6,16.1,1026.0
2022-05-07 13:15:10,Mostly sunny,17.9,20.9,48,6.7,NNW,12.6,16.1,1026.0
2022-05-07 13:16:11,Mostly sunny,17.9,20.9,48,6.7,NNW,12.6,16.1,1026.0
2022-05-07 13:17:11,Mostly sunny,17.9,20.9,48,6.7,NNW,12.6,16.1,1026.0
2022-05-07 13:18:11,Mostly sunny,17.9,20.9,48,6.7,NNW,12.6,16.1,1026.0
2022-05-07 13:19:12,Mostly sunny,17.9,20.9,48,6.7,NNW,12.6,16.1,1026.0
2022-05-07 13:20:12,Mostly sunny,17.9,20.9,48,6.7,NNW,12.6,16.1,1026.0
2022-05-07 13:21:12,Mostly sunny,17.9,20.9,48,6.7,NNW,12.6,16.1,1026.0
2022-05-07 13:22:13,Mostly sunny,17.9,20.9,48,6.7,NNW,12.6,16.1,1026.0
2022-05-07 13:23:13,Mostly sunny,17.9,20.9,48,6.7,NNW,12.6,16.1,1026.0
2022-05-07 13:24:13,Mostly sunny,17.9,20.9,48,6.7,NNW,12.6,16.1,1026.0
2022-05-07 13:25:14,Mostly sunny,17.9,18.7,47,6.5,N,13.7,16.1,1026.0
2022-05-07 13:26:14,Mostly sunny,17.9,18.7,47,6.5,N,13.7,16.1,1026.0
2022-05-07 13:27:15,Mostly sunny,17.9,18.7,47,6.5,N,13.7,16.1,1026.0
2022-05-07 13:28:15,Mostly sunny,17.9,18.7,47,6.5,N,13.7,16.1,1026.0
2022-05-07 13:29:15,Mostly sunny,17.9,20.2,47,6.5,N,13.7,16.1,1027.0
2022-05-07 13:30:16,Mostly sunny,17.9,20.2,47,6.5,N,13.7,16.1,1027.0
2022-05-07 13:31:16,Mostly sunny,17.9,20.2,47,6.5,N,13.7,16.1,1027.0
2022-05-07 13:32:17,Mostly sunny,17.9,20.2,47,6.5,N,13.7,16.1,1027.0
2022-05-07 13:33:18,Mostly sunny,17.9,20.2,47,6.5,N,13.7,16.1,1027.0
2022-05-07 13:34:18,Mostly sunny,17.9,20.2,47,6.5,N,13.7,16.1,1027.0
2022-05-07 13:35:19,Mostly sunny,17.9,20.2,47,6.5,N,13.7,16.1,1027.0
2022-05-07 13:36:19,Mostly sunny,17.9,20.2,47,6.5,N,13.7,16.1,1027.0
2022-05-07 13:37:19,Mostly sunny,17.9,20.2,47,6.5,N,13.7,16.1,1027.0
2022-05-07 13:38:20,Mostly sunny,17.9,20.2,47,6.5,N,13.7,16.1,1027.0
2022-05-07 13:39:20,Mostly sunny,17.9,20.2,47,6.5,N,13.7,16.1,1027.0
2022-05-07 13:40:21,Mostly sunny,17.9,20.2,47,6.5,N,13.7,16.1,1027.0
2022-05-07 13:41:21,Mostly sunny,17.9,20.2,47,6.5,N,13.7,16.1,1027.0
2022-05-07 13:42:22,Mostly sunny,17.9,20.2,47,6.5,N,13.7,16.1,1027.0
2022-05-07 13:43:22,Mostly sunny,17.9,20.2,47,6.5,N,13.7,16.1,1027.0
2022-05-07 13:44:22,Mostly sunny,17.9,20.2,47,6.5,N,13.7,16.1,1027.0
2022-05-07 13:45:23,Mostly sunny,17.9,20.2,47,6.5,N,13.7,16.1,1027.0
2022-05-07 13:46:23,Mostly sunny,17.9,20.2,47,6.5,N,13.7,16.1,1027.0
2022-05-07 13:47:24,Mostly sunny,17.9,20.2,47,6.5,N,13.7,16.1,1027.0
2022-05-07 13:48:25,Mostly sunny,17.9,20.2,47,6.5,N,13.7,16.1,1027.0
2022-05-07 13:49:25,Mostly sunny,17.9,20.2,47,6.5,N,13.7,16.1,1027.0
2022-05-07 13:50:25,Mostly sunny,17.9,20.2,47,6.5,N,13.7,16.1,1027.0
2022-05-07 13:51:26,Mostly sunny,17.9,20.2,47,6.5,N,13.7,16.1,1027.0
2022-05-07 13:52:26,Mostly sunny,17.9,20.2,47,6.5,N,13.7,16.1,1027.0
2022-05-07 13:53:26,Mostly sunny,17.9,20.2,47,6.5,N,13.7,16.1,1027.0
2022-05-07 13:54:27,Mostly sunny,17.9,20.2,47,6.5,N,13.7,16.1,1027.0
2022-05-07 13:55:27,Mostly sunny,17.9,20.2,47,6.5,N,13.7,16.1,1027.0
2022-05-07 13:56:27,Mostly sunny,17.9,20.2,47,6.5,N,13.7,16.1,1027.0
2022-05-07 13:57:28,Mostly sunny,17.9,20.2,47,6.5,N,13.7,16.1,1027.0
2022-05-07 13:58:28,Mostly sunny,17.9,20.2,47,6.5,N,13.7,16.1,1027.0
2022-05-07 13:59:29,Mostly sunny,17.9,20.2,47,6.5,N,13.7,16.1,1027.0
2022-05-07 14:00:29,Mostly sunny,17.9,20.2,47,6.5,N,13.7,16.1,1027.0
2022-05-07 14:01:29,Mostly sunny,17.9,20.2,47,6.5,N,13.7,16.1,1027.0
2022-05-07 14:02:30,Mostly sunny,17.9,20.2,47,6.5,N,13.7,16.1,1027.0
2022-05-10 12:29:37,Mostly cloudy,16.8,15.8,46,5.2,WSW,22.6,16.1,1014.0
2022-05-13 11:26:31,Partly sunny,16.1,15.5,53,6.6,W,20.5,16.1,1019.0
2022-05-13 11:27:31,Partly sunny,16.1,15.5,53,6.6,W,20.5,16.1,1019.0
2022-05-13 11:28:32,Partly sunny,16.1,15.5,53,6.6,W,20.5,16.1,1019.0
2022-05-13 11:29:32,Mostly cloudy,16.1,15.9,53,6.6,W,20.5,16.1,1019.0
2022-05-13 11:30:32,Mostly cloudy,16.1,15.9,53,6.6,W,20.5,16.1,1019.0
2022-05-13 11:31:33,Mostly cloudy,16.1,15.9,53,6.6,W,20.5,16.1,1019.0
2022-05-13 11:32:33,Mostly cloudy,16.1,15.9,53,6.6,W,20.5,16.1,1019.0
2022-05-13 11:33:33,Mostly cloudy,16.1,15.9,53,6.6,W,20.5,16.1,1019.0
2022-05-13 11:34:34,Mostly cloudy,16.1,15.9,53,6.6,W,20.5,16.1,1019.0
2022-05-13 11:35:34,Mostly cloudy,16.1,15.2,53,6.6,W,20.5,16.1,1019.0
2022-05-13 11:36:34,Mostly cloudy,16.1,15.2,53,6.6,W,20.5,16.1,1019.0
2022-05-13 11:37:35,Mostly cloudy,16.1,15.2,53,6.6,W,20.5,16.1,1019.0
2022-05-13 11:38:35,Mostly cloudy,16.1,15.2,53,6.6,W,20.5,16.1,1019.0
2022-05-13 11:39:36,Mostly cloudy,16.1,15.2,53,6.6,W,20.5,16.1,1019.0
2022-05-13 11:40:37,Partly sunny,16.1,15.2,53,6.6,W,20.5,16.1,1019.0
2022-05-13 11:41:37,Partly sunny,16.1,15.2,53,6.6,W,20.5,16.1,1019.0
2022-05-13 11:42:38,Partly sunny,16.1,15.2,53,6.6,W,20.5,16.1,1019.0
2022-05-13 11:43:39,Partly sunny,16.1,15.2,53,6.6,W,20.5,16.1,1019.0
2022-05-13 11:44:39,Partly sunny,16.1,15.9,53,6.6,W,20.5,16.1,1019.0
2022-05-13 11:45:39,Partly sunny,16.1,15.9,53,6.6,W,20.5,16.1,1019.0
2022-05-13 11:46:40,Partly sunny,16.1,15.9,53,6.6,W,20.5,16.1,1019.0
2022-05-13 11:47:40,Partly sunny,16.1,15.9,53,6.6,W,20.5,16.1,1019.0
2022-05-13 11:48:41,Partly sunny,16.1,15.9,53,6.6,W,20.5,16.1,1019.0
2022-05-13 11:49:41,Mostly cloudy,16.1,15.9,53,6.6,W,20.5,16.1,1019.0
2022-05-13 11:50:42,Mostly cloudy,16.1,15.9,53,6.6,W,20.5,16.1,1019.0
2022-05-13 11:51:42,Mostly cloudy,16.1,15.9,53,6.6,W,20.5,16.1,1019.0
2022-05-13 11:52:42,Mostly cloudy,16.1,15.9,53,6.6,W,20.5,16.1,1019.0
2022-05-13 11:53:43,Mostly cloudy,16.1,15.9,53,6.6,W,20.5,16.1,1019.0
2022-05-13 11:54:43,Partly sunny,16.1,15.2,53,6.6,W,20.5,16.1,1019.0
2022-05-13 11:55:43,Partly sunny,16.1,15.2,53,6.6,W,20.5,16.1,1019.0
2022-05-13 11:56:44,Partly sunny,16.1,15.2,53,6.6,W,20.5,16.1,1019.0
2022-05-13 11:57:44,Partly sunny,16.1,15.2,53,6.6,W,20.5,16.1,1019.0
2022-05-13 11:58:44,Partly sunny,16.1,15.2,53,6.6,W,20.5,16.1,1019.0
2022-05-13 11:59:45,Partly sunny,16.1,15.2,53,6.6,W,20.5,16.1,1019.0
2022-05-13 12:00:45,Partly sunny,16.1,15.9,53,6.6,W,20.5,16.1,1019.0
2022-05-13 12:01:45,Partly sunny,16.1,15.2,53,6.6,W,20.5,16.1,1019.0
2022-05-13 12:02:46,Partly sunny,16.1,15.9,53,6.6,W,20.5,16.1,1019.0
2022-05-13 12:03:46,Partly sunny,16.1,15.9,53,6.6,W,20.5,16.1,1019.0
2022-05-13 12:04:46,Partly sunny,16.1,15.9,53,6.6,W,20.5,16.1,1019.0
2022-05-13 12:05:47,Partly sunny,16.1,15.9,53,6.6,W,20.5,16.1,1019.0
2022-05-13 12:06:47,Mostly cloudy,17.1,17.4,50,6.6,W,20.5,16.1,1019.0
2022-05-13 12:07:47,Mostly cloudy,17.1,17.4,50,6.6,W,20.5,16.1,1019.0
2022-05-13 12:08:48,Mostly cloudy,17.1,17.4,50,6.6,W,20.5,16.1,1019.0
2022-05-13 12:09:48,Mostly cloudy,17.1,16.6,50,6.6,W,20.5,16.1,1019.0
2022-05-19 11:48:00,Sunny,15.7,19.2,61,8.1,WSW,12.4,16.1,1019.0
2022-05-19 11:49:01,Sunny,15.7,19.2,61,8.1,WSW,12.4,16.1,1019.0
2022-05-19 11:50:02,Sunny,15.7,19.2,61,8.1,WSW,12.4,16.1,1019.0
2022-05-19 11:51:04,Sunny,15.7,19.2,61,8.1,WSW,12.4,16.1,1019.0
2022-05-19 11:52:04,Sunny,15.7,19.2,61,8.1,WSW,12.4,16.1,1019.0
2022-05-19 11:53:05,Sunny,15.7,19.2,61,8.1,WSW,12.4,16.1,1019.0
2022-05-19 11:54:05,Sunny,15.7,19.2,61,8.1,WSW,12.4,16.1,1019.0
2022-05-19 11:55:06,Mostly sunny,15.7,19.4,61,8.1,WSW,12.4,16.1,1019.0
2022-05-19 11:56:06,Mostly sunny,15.7,19.4,61,8.1,WSW,12.4,16.1,1019.0
2022-05-19 11:57:07,Mostly sunny,15.7,19.4,61,8.1,WSW,12.4,16.1,1019.0
2022-05-19 11:58:07,Mostly sunny,15.7,19.4,61,8.1,WSW,12.4,16.1,1019.0
2022-05-19 11:59:08,Mostly sunny,15.7,19.4,61,8.1,WSW,12.4,16.1,1019.0
2022-05-19 12:00:09,Mostly sunny,15.7,19.4,61,8.1,WSW,12.4,16.1,1019.0
2022-05-19 12:01:10,Mostly sunny,15.7,19.4,61,8.1,WSW,12.4,16.1,1019.0
2022-05-19 12:02:10,Mostly sunny,15.7,19.4,61,8.1,WSW,12.4,16.1,1019.0
2022-05-19 12:03:11,Mostly sunny,15.7,19.4,61,8.1,WSW,12.4,16.1,1019.0
2022-05-19 12:04:11,Mostly sunny,15.7,19.4,61,8.1,WSW,12.4,16.1,1019.0
2022-05-19 12:05:12,Mostly sunny,15.7,19.4,61,8.1,WSW,12.4,16.1,1019.0
2022-05-19 12:06:12,Mostly sunny,15.7,19.4,61,8.1,WSW,12.4,16.1,1019.0
2022-05-19 12:07:13,Mostly sunny,15.7,19.4,61,8.1,WSW,12.4,16.1,1019.0
2022-05-19 12:08:16,Mostly sunny,15.7,19.4,61,8.1,WSW,12.4,16.1,1019.0
2022-05-19 12:09:16,Mostly sunny,15.7,19.4,61,8.1,WSW,12.4,16.1,1019.0
2022-05-19 12:10:17,Mostly sunny,15.7,19.4,61,8.1,WSW,12.4,16.1,1019.0
2022-05-19 12:11:17,Mostly sunny,15.7,19.4,61,8.1,WSW,12.4,16.1,1019.0
2022-05-19 12:12:17,Mostly sunny,15.7,19.4,61,8.1,WSW,12.4,16.1,1019.0
2022-05-19 12:13:18,Mostly sunny,15.7,19.4,61,8.1,WSW,12.4,16.1,1019.0
2022-05-19 12:14:18,Mostly sunny,15.7,19.4,61,8.1,WSW,12.4,16.1,1019.0
2022-05-19 12:15:19,Partly sunny,16.9,20.9,56,8.1,WSW,12.4,16.1,1019.0
2022-05-19 12:16:19,Partly sunny,16.9,20.9,56,8.1,WSW,12.4,16.1,1019.0
2022-05-19 12:17:20,Partly sunny,16.9,20.9,56,8.1,WSW,12.4,16.1,1019.0
2022-05-19 12:18:20,Partly sunny,16.9,20.9,56,8.1,WSW,12.4,16.1,1019.0
2022-05-19 12:19:21,Partly sunny,16.9,20.9,56,8.1,WSW,12.4,16.1,1019.0
2022-05-19 12:20:21,Partly sunny,16.9,20.9,56,8.1,WSW,12.4,16.1,1019.0
2022-05-19 12:21:22,Partly sunny,16.9,20.9,56,8.1,WSW,12.4,16.1,1019.0
2022-05-19 12:22:22,Partly sunny,16.9,20.9,56,8.1,WSW,12.4,16.1,1019.0
2022-05-19 12:23:23,Partly sunny,16.9,20.9,56,8.1,WSW,12.4,16.1,1019.0
2022-05-19 12:24:23,Mostly cloudy,16.9,20.0,56,8.1,WSW,12.4,16.1,1019.0
2022-05-19 12:25:23,Mostly cloudy,16.9,20.0,56,8.1,WSW,12.4,16.1,1019.0
2022-05-19 12:26:24,Mostly cloudy,16.9,20.0,56,8.1,WSW,12.4,16.1,1019.0
2022-05-19 12:27:25,Mostly cloudy,16.9,20.0,56,8.1,WSW,12.4,16.1,1019.0
2022-05-19 12:28:25,Mostly cloudy,16.9,20.0,56,8.1,WSW,12.4,16.1,1019.0
2022-05-19 12:29:25,Mostly cloudy,16.9,20.0,56,8.1,WSW,12.4,16.1,1019.0
2022-05-19 12:30:26,Mostly cloudy,16.9,20.0,56,8.1,WSW,12.4,16.1,1019.0
2022-05-19 12:31:27,Mostly cloudy,16.9,20.0,56,8.1,WSW,12.4,16.1,1019.0
2022-05-19 12:32:27,Mostly cloudy,16.9,20.0,56,8.1,WSW,12.4,16.1,1019.0
2022-05-19 12:33:28,Mostly cloudy,16.9,19.3,53,7.4,SW,14.7,16.1,1019.0
2022-05-19 12:34:29,Mostly cloudy,16.9,19.3,53,7.4,SW,14.7,16.1,1019.0
2022-05-19 12:35:29,Mostly cloudy,16.9,19.3,53,7.4,SW,14.7,16.1,1019.0
2022-05-19 12:36:30,Mostly cloudy,16.9,19.3,53,7.4,SW,14.7,16.1,1019.0
2022-05-19 12:37:31,Mostly cloudy,16.9,19.3,53,7.4,SW,14.7,16.1,1019.0
2022-05-19 12:38:31,Mostly cloudy,16.9,19.3,53,7.4,SW,14.7,16.1,1019.0
2022-05-19 12:39:31,Mostly cloudy,16.9,19.3,53,7.4,SW,14.7,16.1,1019.0
2022-05-19 12:40:32,Mostly cloudy,16.9,19.3,53,7.4,SW,14.7,16.1,1019.0
2022-05-19 12:41:32,Mostly cloudy,16.9,19.3,53,7.4,SW,14.7,16.1,1019.0
2022-05-19 12:42:33,Mostly cloudy,16.9,19.3,53,7.4,SW,14.7,16.1,1019.0
2022-05-19 12:43:33,Mostly cloudy,16.9,19.3,53,7.4,SW,14.7,16.1,1019.0
2022-05-19 12:44:34,Mostly cloudy,16.9,19.3,53,7.4,SW,14.7,16.1,1019.0
2022-05-19 12:45:34,Mostly cloudy,16.9,19.3,53,7.4,SW,14.7,16.1,1019.0
2022-05-19 12:46:35,Mostly cloudy,16.9,19.3,53,7.4,SW,14.7,16.1,1019.0
2022-05-19 12:47:35,Mostly cloudy,16.9,19.3,53,7.4,SW,14.7,16.1,1019.0
2022-05-19 12:48:36,Mostly cloudy,16.9,19.3,53,7.4,SW,14.7,16.1,1019.0
2022-05-19 12:49:37,Mostly cloudy,16.9,19.3,53,7.4,SW,14.7,16.1,1019.0
2022-05-19 12:50:37,Mostly cloudy,16.9,19.3,53,7.4,SW,14.7,16.1,1019.0
2022-05-19 12:51:38,Mostly cloudy,16.9,19.3,53,7.4,SW,14.7,16.1,1019.0
2022-05-19 12:52:39,Mostly cloudy,16.9,19.3,53,7.4,SW,14.7,16.1,1019.0
2022-05-19 12:53:39,Mostly cloudy,16.9,19.3,53,7.4,SW,14.7,16.1,1019.0
2022-05-19 12:54:40,Mostly cloudy,16.9,19.3,53,7.4,SW,14.7,16.1,1019.0
2022-05-19 12:55:41,Mostly cloudy,16.9,19.3,53,7.4,SW,14.7,16.1,1019.0
2022-05-19 12:56:41,Mostly cloudy,16.9,19.3,53,7.4,SW,14.7,16.1,1019.0
2022-05-19 12:57:42,Mostly cloudy,16.9,19.3,53,7.4,SW,14.7,16.1,1019.0
2022-05-19 12:58:43,Mostly cloudy,16.9,19.3,53,7.4,SW,14.7,16.1,1019.0
2022-05-19 12:59:44,Mostly cloudy,16.9,19.3,53,7.4,SW,14.7,16.1,1019.0
2022-05-19 13:00:44,Mostly cloudy,16.9,19.3,53,7.4,SW,14.7,16.1,1019.0
2022-05-19 13:01:45,Mostly cloudy,16.9,19.3,53,7.4,SW,14.7,16.1,1019.0
2022-05-19 13:02:46,Mostly cloudy,16.9,19.3,53,7.4,SW,14.7,16.1,1019.0
2022-05-19 13:03:46,Mostly cloudy,16.9,19.3,53,7.4,SW,14.7,16.1,1019.0
2022-05-19 13:04:47,Mostly cloudy,16.9,19.3,53,7.4,SW,14.7,16.1,1019.0
2022-05-19 13:05:48,Mostly cloudy,16.9,19.3,53,7.4,SW,14.7,16.1,1019.0
2022-05-19 13:06:48,Mostly cloudy,16.9,19.3,53,7.4,SW,14.7,16.1,1019.0
2022-05-19 13:07:49,Mostly cloudy,16.9,19.3,53,7.4,SW,14.7,16.1,1019.0
2022-05-19 13:08:50,Mostly cloudy,17.8,20.1,50,7.4,SW,14.7,16.1,1018.0
2022-05-19 13:09:50,Mostly cloudy,17.8,20.1,50,7.4,SW,14.7,16.1,1018.0
2022-05-19 13:10:51,Mostly cloudy,16.9,19.3,53,7.4,SW,14.7,16.1,1019.0
2022-05-19 13:11:51,Mostly cloudy,17.8,20.1,50,7.4,SW,14.7,16.1,1018.0
2022-05-19 13:12:52,Mostly cloudy,16.9,19.3,53,7.4,SW,14.7,16.1,1019.0
2022-05-19 13:13:52,Mostly cloudy,17.8,20.1,50,7.4,SW,14.7,16.1,1018.0
2022-05-19 13:14:53,Mostly cloudy,17.8,20.1,50,7.4,SW,14.7,16.1,1018.0
2022-05-19 13:15:54,Mostly cloudy,17.8,20.1,50,7.4,SW,14.7,16.1,1018.0
2022-05-19 13:16:55,Mostly cloudy,17.8,20.1,50,7.4,SW,14.7,16.1,1018.0
2022-05-19 13:17:55,Mostly cloudy,17.8,20.1,50,7.4,SW,14.7,16.1,1018.0
2022-05-19 13:18:56,Mostly cloudy,17.8,20.1,50,7.4,SW,14.7,16.1,1018.0
2022-05-19 13:19:56,Partly sunny,17.8,20.1,50,7.4,SW,14.7,16.1,1018.0
2022-05-19 13:20:57,Partly sunny,17.8,20.1,50,7.4,SW,14.7,16.1,1018.0
2022-05-19 13:21:57,Partly sunny,17.8,20.1,50,7.4,SW,14.7,16.1,1018.0
2022-05-19 13:22:58,Partly sunny,17.8,20.1,50,7.4,SW,14.7,16.1,1018.0
2022-05-19 13:23:58,Partly sunny,17.8,20.1,50,7.4,SW,14.7,16.1,1018.0
2022-05-19 13:24:59,Partly sunny,17.8,20.1,50,7.4,SW,14.7,16.1,1018.0
2022-05-19 13:25:59,Partly sunny,17.8,20.1,50,7.4,SW,14.7,16.1,1018.0
2022-05-19 13:26:59,Partly sunny,17.8,20.1,50,7.4,SW,14.7,16.1,1018.0
2022-05-19 13:28:00,Partly sunny,17.8,20.1,50,7.4,SW,14.7,16.1,1018.0
2022-05-19 13:29:00,Partly sunny,17.8,20.1,50,7.4,SW,14.7,16.1,1018.0
2022-05-19 13:30:01,Partly sunny,17.8,20.1,50,7.4,SW,14.7,16.1,1018.0
2022-05-19 13:31:01,Partly sunny,17.8,21.8,47,6.6,W,11.7,16.1,1018.0
2022-05-19 13:32:02,Partly sunny,17.8,21.8,47,6.6,W,11.7,16.1,1018.0
2022-05-19 13:33:02,Partly sunny,17.8,21.8,47,6.6,W,11.7,16.1,1018.0
2022-05-19 13:34:03,Partly sunny,17.8,21.8,47,6.6,W,11.7,16.1,1018.0
2022-05-19 13:35:03,Partly sunny,17.8,21.8,47,6.6,W,11.7,16.1,1018.0
2022-05-19 13:36:04,Partly sunny,17.8,21.8,47,6.6,W,11.7,16.1,1018.0
2022-05-19 13:37:04,Partly sunny,17.8,21.8,47,6.6,W,11.7,16.1,1018.0
2022-05-19 13:38:05,Partly sunny,17.8,21.8,47,6.6,W,11.7,16.1,1018.0
2022-05-19 14:29:43,Cloudy,15.3,13.4,62,8.0,SSW,14.1,9.7,1018.0
2022-05-19 14:30:43,Cloudy,15.3,13.4,62,8.0,SSW,14.1,9.7,1018.0
2022-05-19 14:31:44,Cloudy,15.3,13.4,62,8.0,SSW,14.1,9.7,1018.0
2022-05-19 14:32:44,Cloudy,15.3,13.4,62,8.0,SSW,14.1,9.7,1018.0
2022-05-20 11:33:35,Light rain,14.9,14.3,61,7.4,SSW,17.7,16.1,1017.0
2022-05-20 11:34:35,Light rain,14.9,14.3,61,7.4,SSW,17.7,16.1,1017.0
2022-05-20 11:35:36,Light rain,14.9,14.3,61,7.4,SSW,17.7,16.1,1017.0
2022-05-20 11:36:38,Light rain,14.9,14.3,61,7.4,SSW,17.7,16.1,1017.0
2022-05-20 11:37:38,Light rain,14.9,14.3,61,7.4,SSW,17.7,16.1,1017.0
2022-05-20 11:38:39,Light rain,14.9,14.3,61,7.4,SSW,17.7,16.1,1017.0
2022-05-20 11:39:40,Light rain,14.9,14.3,61,7.4,SSW,17.7,16.1,1017.0
2022-05-20 11:40:40,Light rain,14.9,14.3,61,7.4,SSW,17.7,16.1,1017.0
2022-05-20 11:41:41,Light rain,14.9,14.3,61,7.4,SSW,17.7,16.1,1017.0
2022-05-20 11:42:41,Light rain,14.9,14.3,61,7.4,SSW,17.7,16.1,1017.0
2022-05-20 11:43:42,Light rain,14.9,14.3,61,7.4,SSW,17.7,16.1,1017.0
2022-05-20 11:44:42,Light rain,14.9,14.3,61,7.4,SSW,17.7,16.1,1017.0
2022-05-20 11:45:43,Light rain,14.9,14.3,61,7.4,SSW,17.7,16.1,1017.0
2022-05-20 11:46:43,Light rain,14.9,14.3,61,7.4,SSW,17.7,16.1,1017.0
2022-05-20 11:47:44,Light rain,14.9,14.3,61,7.4,SSW,17.7,16.1,1017.0
2022-05-20 11:48:44,Light rain,14.9,14.3,61,7.4,SSW,17.7,16.1,1017.0
2022-05-20 11:49:45,Light rain,14.9,14.3,61,7.4,SSW,17.7,16.1,1017.0
2022-05-20 11:50:45,Light rain,14.9,14.3,61,7.4,SSW,17.7,16.1,1017.0
2022-05-20 11:51:46,Light rain,14.9,14.3,61,7.4,SSW,17.7,16.1,1017.0
2022-05-20 11:52:46,Light rain,14.9,14.3,61,7.4,SSW,17.7,16.1,1017.0
2022-05-20 11:53:47,Light rain,14.9,14.3,61,7.4,SSW,17.7,16.1,1017.0
2022-05-20 11:54:47,Light rain,14.9,14.3,61,7.4,SSW,17.7,16.1,1017.0
2022-05-20 11:55:48,Light rain,14.9,14.3,61,7.4,SSW,17.7,16.1,1017.0
2022-05-20 11:56:48,Light rain,14.9,14.3,61,7.4,SSW,17.7,16.1,1017.0
2022-05-20 11:57:49,Light rain,14.9,14.3,61,7.4,SSW,17.7,16.1,1017.0
2022-05-20 11:58:49,Light rain,14.9,14.3,61,7.4,SSW,17.7,16.1,1017.0
2022-05-20 11:59:50,Light rain,14.9,14.3,61,7.4,SSW,17.7,16.1,1017.0
2022-05-20 12:00:51,Light rain,14.9,14.3,61,7.4,SSW,17.7,16.1,1017.0
2022-05-20 12:01:51,Light rain,14.9,14.3,61,7.4,SSW,17.7,16.1,1017.0
2022-05-20 12:02:52,Light rain,14.9,14.3,61,7.4,SSW,17.7,16.1,1017.0
2022-05-20 12:03:52,Light rain,14.9,14.3,61,7.4,SSW,17.7,16.1,1017.0
2022-05-20 12:04:53,Light rain,14.9,14.3,61,7.4,SSW,17.7,16.1,1017.0
2022-05-20 12:05:53,Light rain,14.9,14.3,61,7.4,SSW,17.7,16.1,1017.0
2022-05-20 12:06:53,Light rain,14.9,14.3,61,7.4,SSW,17.7,16.1,1017.0
2022-05-20 12:07:54,Light rain,14.9,14.3,61,7.4,SSW,17.7,16.1,1017.0
2022-05-20 12:08:54,Light rain,14.9,14.3,61,7.4,SSW,17.7,16.1,1017.0
2022-05-20 12:09:54,Light rain,14.9,14.3,61,7.4,SSW,17.7,16.1,1017.0
2022-05-20 12:10:55,Mostly cloudy,15.9,17.0,57,7.4,SSW,17.7,16.1,1017.0
2022-05-20 12:11:55,Mostly cloudy,15.9,17.0,57,7.4,SSW,17.7,16.1,1017.0
2022-05-20 12:12:56,Mostly cloudy,15.9,17.0,57,7.4,SSW,17.7,16.1,1017.0
2022-05-20 12:13:56,Mostly cloudy,15.9,17.0,57,7.4,SSW,17.7,16.1,1017.0
2022-05-20 12:14:57,Mostly cloudy,15.9,17.0,57,7.4,SSW,17.7,16.1,1017.0
2022-05-20 12:15:57,Mostly cloudy,15.9,17.0,57,7.4,SSW,17.7,16.1,1017.0
2022-05-20 12:16:57,Mostly cloudy,15.9,17.0,57,7.4,SSW,17.7,16.1,1017.0
2022-05-20 12:17:58,Mostly cloudy,15.9,17.0,57,7.4,SSW,17.7,16.1,1017.0
2022-05-20 12:18:58,Mostly cloudy,15.9,17.0,57,7.4,SSW,17.7,16.1,1017.0
2022-05-20 12:19:59,Mostly cloudy,15.2,16.1,60,7.4,SSW,17.7,16.1,1017.0
2022-05-20 12:20:59,Mostly cloudy,15.2,16.1,60,7.4,SSW,17.7,16.1,1017.0
2022-05-20 12:22:00,Mostly cloudy,15.2,16.1,60,7.4,SSW,17.7,16.1,1017.0
2022-05-20 12:23:00,Mostly cloudy,15.2,16.1,60,7.4,SSW,17.7,16.1,1017.0
2022-05-20 12:24:01,Mostly cloudy,15.2,16.1,60,7.4,SSW,17.7,16.1,1017.0
2022-05-20 12:25:01,Mostly cloudy,15.2,16.1,60,7.4,SSW,17.7,16.1,1017.0
2022-05-20 12:26:02,Mostly cloudy,15.2,16.1,60,7.4,SSW,17.7,16.1,1017.0
2022-05-24 18:27:30,Sunny,15.6,13.8,56,6.9,WNW,20.5,16.1,1008.0
2022-05-24 18:28:30,Sunny,15.6,13.8,56,6.9,WNW,20.5,16.1,1008.0
2022-05-24 18:29:31,Sunny,15.6,13.8,56,6.9,WNW,20.5,16.1,1008.0
2022-05-24 18:30:31,Sunny,15.6,13.8,56,6.9,WNW,20.5,16.1,1008.0
2022-05-24 18:31:31,Sunny,15.6,13.8,56,6.9,WNW,20.5,16.1,1008.0
2022-05-24 18:32:32,Sunny,15.6,14.4,49,5.1,W,17.3,16.1,1008.0
2022-05-24 18:33:32,Sunny,15.6,14.4,49,5.1,W,17.3,16.1,1008.0
2022-05-24 18:34:32,Sunny,15.6,14.4,49,5.1,W,17.3,16.1,1008.0
2022-05-24 18:35:33,Sunny,15.6,14.4,49,5.1,W,17.3,16.1,1008.0
2022-05-24 18:36:33,Sunny,15.6,14.4,49,5.1,W,17.3,16.1,1008.0
2022-05-24 18:37:33,Sunny,15.6,14.4,49,5.1,W,17.3,16.1,1008.0
2022-05-24 18:38:34,Sunny,15.6,14.4,49,5.1,W,17.3,16.1,1008.0
2022-05-24 18:39:34,Sunny,15.6,14.4,49,5.1,W,17.3,16.1,1008.0
2022-05-24 18:40:34,Sunny,15.6,14.4,49,5.1,W,17.3,16.1,1008.0
2022-05-24 18:41:35,Sunny,15.6,14.4,49,5.1,W,17.3,16.1,1008.0
2022-05-24 18:42:35,Sunny,15.6,14.4,49,5.1,W,17.3,16.1,1008.0
2022-05-24 18:43:35,Sunny,15.6,14.4,49,5.1,W,17.3,16.1,1008.0
2022-05-24 18:44:35,Sunny,15.6,14.4,49,5.1,W,17.3,16.1,1008.0
2022-05-24 18:45:36,Sunny,15.6,14.4,49,5.1,W,17.3,16.1,1008.0
2022-05-24 18:46:36,Sunny,15.6,14.4,49,5.1,W,17.3,16.1,1008.0
2022-05-24 18:47:36,Sunny,15.6,14.4,49,5.1,W,17.3,16.1,1008.0
2022-05-24 18:48:37,Sunny,15.6,14.4,49,5.1,W,17.3,16.1,1008.0
2022-05-24 18:49:37,Sunny,15.6,14.4,49,5.1,W,17.3,16.1,1008.0
2022-05-24 18:50:38,Sunny,15.6,14.4,49,5.1,W,17.3,16.1,1008.0
2022-05-24 18:51:38,Sunny,15.6,14.4,49,5.1,W,17.3,16.1,1008.0
2022-05-24 18:52:38,Sunny,15.6,14.4,49,5.1,W,17.3,16.1,1008.0
2022-05-24 18:53:39,Sunny,15.6,14.4,49,5.1,W,17.3,16.1,1008.0
2022-05-24 18:54:39,Sunny,15.6,14.4,49,5.1,W,17.3,16.1,1008.0
2022-05-24 18:55:40,Sunny,15.6,14.4,49,5.1,W,17.3,16.1,1008.0
2022-05-24 18:56:40,Sunny,15.6,14.4,49,5.1,W,17.3,16.1,1008.0
2022-05-24 18:57:40,Sunny,15.6,14.4,49,5.1,W,17.3,16.1,1008.0
2022-05-24 18:58:41,Sunny,15.6,14.4,49,5.1,W,17.3,16.1,1008.0
2022-05-24 18:59:41,Sunny,15.6,14.4,49,5.1,W,17.3,16.1,1008.0
2022-05-24 19:00:41,Sunny,15.6,14.4,49,5.1,W,17.3,16.1,1008.0
2022-05-24 19:01:42,Sunny,15.6,14.4,49,5.1,W,17.3,16.1,1008.0
2022-05-24 19:02:42,Sunny,15.6,14.4,49,5.1,W,17.3,16.1,1008.0
2022-05-24 19:03:43,Sunny,15.6,14.4,49,5.1,W,17.3,16.1,1008.0
2022-05-24 19:04:43,Sunny,15.6,14.4,49,5.1,W,17.3,16.1,1008.0
2022-05-24 19:05:43,Sunny,15.6,14.4,49,5.1,W,17.3,16.1,1008.0
2022-05-24 19:06:44,Sunny,15.6,14.4,49,5.1,W,17.3,16.1,1008.0
2022-05-24 19:07:44,Sunny,15.6,14.4,49,5.1,W,17.3,16.1,1008.0
2022-05-24 19:08:44,Sunny,15.6,14.4,49,5.1,W,17.3,16.1,1008.0
2022-05-24 19:09:45,Sunny,15.6,14.4,49,5.1,W,17.3,16.1,1008.0
2022-05-24 19:10:45,Sunny,15.6,14.4,49,5.1,W,17.3,16.1,1008.0
2022-05-24 19:11:45,Sunny,15.6,14.4,49,5.1,W,17.3,16.1,1008.0
2022-05-24 19:12:46,Sunny,15.6,14.4,49,5.1,W,17.3,16.1,1008.0
2022-05-24 19:13:46,Sunny,15.6,14.4,49,5.1,W,17.3,16.1,1008.0
2022-05-24 19:14:47,Sunny,15.0,13.0,52,5.1,W,17.3,16.1,1007.8
2022-05-24 19:15:48,Sunny,15.0,13.0,52,5.1,W,17.3,16.1,1007.8
2022-05-24 19:16:48,Sunny,15.0,13.0,52,5.1,W,17.3,16.1,1007.8
2022-05-24 19:17:48,Sunny,15.0,13.0,52,5.1,W,17.3,16.1,1007.8
2022-05-24 19:18:49,Sunny,15.0,13.0,52,5.1,W,17.3,16.1,1007.8
2022-05-24 19:19:49,Sunny,15.0,13.0,52,5.1,W,17.3,16.1,1007.8
2022-05-24 19:20:50,Sunny,15.0,13.0,52,5.1,W,17.3,16.1,1007.8
2022-05-24 19:21:50,Sunny,15.0,13.0,52,5.1,W,17.3,16.1,1007.8
2022-05-24 19:22:51,Sunny,15.0,13.0,52,5.1,W,17.3,16.1,1007.8
2022-05-24 19:23:51,Sunny,15.0,13.0,52,5.1,W,17.3,16.1,1007.8
2022-05-24 19:24:51,Mostly sunny,15.0,13.0,52,5.1,W,17.3,16.1,1007.8
2022-05-24 19:25:51,Mostly sunny,15.0,13.0,52,5.1,W,17.3,16.1,1007.8
2022-05-24 19:26:52,Mostly sunny,15.0,13.0,52,5.1,W,17.3,16.1,1007.8
2022-05-24 19:27:52,Mostly sunny,15.0,13.2,49,4.3,WNW,16.2,16.1,1009.0
2022-05-24 19:28:52,Mostly sunny,15.0,13.0,52,5.1,W,17.3,16.1,1007.8
2022-05-24 19:29:53,Mostly sunny,15.0,13.0,52,5.1,W,17.3,16.1,1007.8
2022-05-24 19:30:53,Mostly sunny,15.0,13.0,52,5.1,W,17.3,16.1,1007.8
2022-05-24 19:31:53,Mostly sunny,15.0,13.0,52,5.1,W,17.3,16.1,1007.8
2022-05-24 19:32:54,Mostly sunny,15.0,13.0,52,5.1,W,17.3,16.1,1007.8
2022-05-24 19:33:54,Mostly sunny,15.0,13.0,52,5.1,W,17.3,16.1,1007.8
2022-05-24 19:34:54,Mostly sunny,15.0,13.0,52,5.1,W,17.3,16.1,1007.8
2022-05-24 19:35:55,Mostly sunny,15.0,13.2,49,4.3,WNW,16.2,16.1,1009.0
2022-05-24 19:36:55,Mostly sunny,15.0,13.2,49,4.3,WNW,16.2,16.1,1009.0
2022-05-24 19:37:55,Mostly sunny,15.0,13.2,49,4.3,WNW,16.2,16.1,1009.0
2022-05-24 19:38:56,Mostly sunny,15.0,13.2,49,4.3,WNW,16.2,16.1,1009.0
2022-05-24 19:39:56,Mostly sunny,15.0,13.2,49,4.3,WNW,16.2,16.1,1009.0
2022-05-24 19:40:56,Mostly sunny,15.0,13.2,49,4.3,WNW,16.2,16.1,1009.0
2022-05-24 19:41:57,Mostly sunny,15.0,13.2,49,4.3,WNW,16.2,16.1,1009.0
2022-05-24 19:42:57,Mostly sunny,15.0,13.2,49,4.3,WNW,16.2,16.1,1009.0
2022-05-24 19:43:57,Mostly sunny,15.0,13.2,49,4.3,WNW,16.2,16.1,1009.0
2022-05-24 19:44:58,Mostly sunny,15.0,13.2,49,4.3,WNW,16.2,16.1,1009.0
2022-05-24 19:45:58,Mostly sunny,15.0,13.2,49,4.3,WNW,16.2,16.1,1009.0
2022-05-24 19:46:58,Mostly sunny,15.0,13.2,49,4.3,WNW,16.2,16.1,1009.0
2022-05-24 19:47:59,Mostly sunny,15.0,13.2,49,4.3,WNW,16.2,16.1,1009.0
2022-05-24 19:48:59,Mostly sunny,15.0,13.2,49,4.3,WNW,16.2,16.1,1009.0
2022-05-24 19:49:59,Mostly sunny,15.0,13.2,49,4.3,WNW,16.2,16.1,1009.0
2022-05-24 19:51:00,Mostly sunny,15.0,13.2,49,4.3,WNW,16.2,16.1,1009.0
2022-05-24 19:52:00,Sunny,15.0,13.2,49,4.3,WNW,16.2,16.1,1009.0
2022-05-24 19:53:00,Mostly sunny,15.0,13.2,49,4.3,WNW,16.2,16.1,1009.0
2022-05-24 19:54:01,Sunny,15.0,13.2,49,4.3,WNW,16.2,16.1,1009.0
2022-05-24 19:55:01,Sunny,15.0,13.2,49,4.3,WNW,16.2,16.1,1009.0
2022-05-24 19:56:05,Sunny,15.0,13.2,49,4.3,WNW,16.2,16.1,1009.0
2022-05-24 19:57:05,Sunny,15.0,13.2,49,4.3,WNW,16.2,16.1,1009.0
2022-05-24 19:58:05,Sunny,15.0,13.2,49,4.3,WNW,16.2,16.1,1009.0
2022-05-24 19:59:06,Sunny,15.0,13.2,49,4.3,WNW,16.2,16.1,1009.0
2022-05-24 20:00:07,Sunny,15.0,13.2,49,4.3,WNW,16.2,16.1,1009.0
2022-05-24 20:01:07,Sunny,15.0,13.2,49,4.3,WNW,16.2,16.1,1009.0
2022-05-24 20:02:07,Sunny,15.0,13.2,49,4.3,WNW,16.2,16.1,1009.0
2022-05-24 20:03:08,Sunny,15.0,13.2,49,4.3,WNW,16.2,16.1,1009.0
2022-05-24 20:04:08,Sunny,15.0,13.2,49,4.3,WNW,16.2,16.1,1009.0
2022-05-24 20:05:09,Sunny,15.0,13.2,49,4.3,WNW,16.2,16.1,1009.0
2022-05-24 20:06:09,Sunny,15.0,13.2,49,4.3,WNW,16.2,16.1,1009.0
2022-05-24 20:07:09,Sunny,15.0,13.2,49,4.3,WNW,16.2,16.1,1009.0
2022-05-24 20:08:10,Sunny,15.0,13.2,49,4.3,WNW,16.2,16.1,1009.0
2022-05-24 20:09:10,Sunny,15.0,13.2,49,4.3,WNW,16.2,16.1,1009.0
2022-05-24 20:10:10,Sunny,15.0,13.2,49,4.3,WNW,16.2,16.1,1009.0
2022-05-24 20:11:11,Sunny,15.0,13.2,49,4.3,WNW,16.2,16.1,1009.0
2022-05-24 20:12:11,Sunny,15.0,13.2,49,4.3,WNW,16.2,16.1,1009.0
2022-05-24 20:13:11,Sunny,15.0,13.2,49,4.3,WNW,16.2,16.1,1009.0
2022-05-24 20:14:12,Sunny,15.0,13.2,49,4.3,WNW,16.2,16.1,1009.0
2022-05-24 20:15:12,Sunny,13.8,11.3,52,4.3,WNW,16.2,16.1,1008.1
2022-05-25 12:48:15,Cloudy,15.6,11.9,71,10.5,SW,24.1,11.3,1010.0
2022-05-25 12:52:16,Light rain,15.6,11.9,71,10.5,SW,24.1,11.3,1010.0
2022-05-25 12:56:16,Light rain,15.6,11.9,71,10.5,SW,24.1,11.3,1010.0
2022-05-25 13:00:17,Cloudy,15.6,12.0,71,10.5,SW,24.1,11.3,1010.0
2022-05-25 13:04:17,Cloudy,15.6,12.0,71,10.5,SW,24.1,11.3,1010.0
2022-05-25 13:08:17,Cloudy,15.6,12.0,71,10.5,SW,24.1,11.3,1010.0
2022-05-25 13:12:18,Cloudy,16.6,13.2,67,10.5,SW,24.1,11.3,1010.0
2022-05-25 13:16:18,Cloudy,16.6,13.2,67,10.5,SW,24.1,11.3,1010.0
2022-05-25 13:20:19,Cloudy,16.6,13.2,67,10.5,SW,24.1,11.3,1010.0
2022-05-25 13:24:20,Light rain,16.6,13.2,67,10.5,SW,24.1,11.3,1010.0
2022-05-25 13:28:20,Light rain,16.6,13.2,67,10.5,SW,24.1,11.3,1010.0
2022-05-25 13:32:21,Light rain,16.6,14.6,67,10.5,SW,25.2,16.1,1010.0
2022-05-25 13:36:21,Light rain,16.6,14.6,67,10.5,SW,25.2,16.1,1010.0
2022-05-25 13:40:22,Light rain,16.6,14.6,67,10.5,SW,25.2,16.1,1010.0
2022-05-25 13:44:22,Partly sunny,16.6,15.7,67,10.5,SW,25.2,16.1,1010.0
2022-05-25 13:48:23,Partly sunny,16.6,15.7,67,10.5,SW,25.2,16.1,1010.0
2022-05-25 13:52:23,Mostly cloudy,16.6,15.7,67,10.5,SW,25.2,16.1,1010.0
2022-05-25 13:56:23,Mostly cloudy,16.6,15.7,67,10.5,SW,25.2,16.1,1010.0
2022-05-25 14:00:24,Cloudy,16.6,15.1,67,10.5,SW,25.2,16.1,1010.0
2022-05-25 14:04:24,Cloudy,16.6,15.1,67,10.5,SW,25.2,16.1,1010.0
2022-05-25 14:08:24,Cloudy,16.6,15.1,67,10.5,SW,25.2,16.1,1010.0
2022-05-25 14:12:25,Cloudy,17.3,15.4,64,10.5,SW,25.2,16.1,1011.0
2022-05-25 14:16:25,Cloudy,17.3,15.4,64,10.5,SW,25.2,16.1,1011.0
2022-05-25 14:20:26,Cloudy,17.3,15.4,64,10.5,SW,25.2,16.1,1011.0
2022-05-25 14:24:26,Mostly cloudy,17.3,15.4,64,10.5,SW,25.2,16.1,1011.0
2022-05-25 14:28:26,Mostly cloudy,17.3,15.4,64,10.5,SW,25.2,16.1,1011.0
2022-05-25 14:32:27,Mostly cloudy,17.3,15.4,64,10.5,SW,25.2,16.1,1011.0
2022-05-25 14:36:27,Mostly cloudy,17.3,13.9,59,9.2,WSW,25.2,9.7,1011.0
2022-05-25 14:40:28,Mostly cloudy,17.3,13.9,59,9.2,WSW,25.2,9.7,1011.0
2022-05-25 14:44:29,Mostly cloudy,17.3,13.9,59,9.2,WSW,25.2,9.7,1011.0
2022-05-25 14:48:29,Mostly cloudy,17.3,13.9,59,9.2,WSW,25.2,9.7,1011.0
2022-05-25 14:52:29,Mostly cloudy,17.3,13.9,59,9.2,WSW,25.2,9.7,1011.0
2022-05-25 14:56:30,Mostly cloudy,17.3,13.9,59,9.2,WSW,25.2,9.7,1011.0
2022-05-25 15:00:30,Mostly cloudy,17.5,14.1,58,9.2,WSW,25.2,9.7,1011.0
2022-05-25 15:04:30,Mostly cloudy,17.5,14.1,58,9.2,WSW,25.2,9.7,1011.0
2022-05-25 15:08:30,Mostly cloudy,17.5,14.1,58,9.2,WSW,25.2,9.7,1011.0
2022-05-25 15:12:31,Mostly cloudy,18.0,14.6,56,9.2,WSW,25.2,9.7,1011.0
2022-05-25 15:16:31,Mostly cloudy,18.0,14.6,56,9.2,WSW,25.2,9.7,1011.0
2022-05-25 15:20:31,Mostly cloudy,18.0,14.6,56,9.2,WSW,25.2,9.7,1011.0
2022-05-25 15:24:32,Mostly cloudy,18.0,14.6,56,9.2,WSW,25.2,9.7,1011.0
2022-05-25 15:28:32,Mostly cloudy,18.0,14.6,56,9.2,WSW,25.2,9.7,1011.0
2022-05-25 15:32:32,Mostly cloudy,18.0,16.4,57,9.4,W,26.3,16.1,1011.0
2022-05-25 15:36:32,Mostly cloudy,18.0,16.4,57,9.4,W,26.3,16.1,1011.0
2022-05-25 15:40:33,Mostly cloudy,18.0,16.4,57,9.4,W,26.3,16.1,1011.0
2022-05-25 15:44:33,Mostly cloudy,18.0,16.4,57,9.4,W,26.3,16.1,1011.0
2022-05-25 15:48:33,Mostly cloudy,18.0,16.4,57,9.4,W,26.3,16.1,1011.0
2022-05-25 15:52:34,Mostly cloudy,18.0,16.4,57,9.4,W,26.3,16.1,1011.0
2022-05-25 15:56:34,Mostly cloudy,18.0,16.4,57,9.4,W,26.3,16.1,1011.0
2022-05-25 16:00:35,Mostly cloudy,18.0,16.4,57,9.4,W,26.3,16.1,1011.0
2022-05-25 16:04:35,Mostly cloudy,18.0,16.4,57,9.4,W,26.3,16.1,1011.0
2022-05-25 16:08:36,Mostly cloudy,18.0,16.4,57,9.4,W,26.3,16.1,1011.0
2022-05-25 16:12:36,Mostly cloudy,18.0,16.4,57,9.4,W,26.3,16.1,1011.0
2022-05-25 16:16:36,Mostly cloudy,18.5,17.6,55,9.4,W,26.3,16.1,1012.0
2022-05-25 16:20:36,Mostly cloudy,18.5,17.6,55,9.4,W,26.3,16.1,1012.0
2022-05-25 16:24:37,Mostly cloudy,18.5,17.6,55,9.4,W,26.3,16.1,1012.0
2022-05-25 16:28:37,Mostly cloudy,18.5,17.6,55,9.4,W,26.3,16.1,1012.0
2022-05-25 20:55:51,Mostly sunny,16.1,13.7,59,8.1,W,19.0,16.1,1015.0
2022-05-25 20:59:51,Mostly sunny,16.1,13.7,59,8.1,W,19.0,16.1,1015.0
2022-05-25 21:03:51,Mostly sunny,16.1,13.7,59,8.1,W,19.0,16.1,1015.0
2022-05-25 21:07:51,Mostly sunny,16.1,13.7,59,8.1,W,19.0,16.1,1015.0
2022-05-25 21:11:52,Mostly sunny,14.7,12.0,64,8.1,W,19.0,16.1,1014.2
2022-05-25 21:15:52,Mostly sunny,14.7,12.0,64,8.1,W,19.0,16.1,1014.2
2022-05-25 21:19:53,Mostly sunny,14.7,12.0,64,8.1,W,19.0,16.1,1014.2
2022-05-25 21:23:54,Clear,14.7,13.0,66,8.4,W,13.2,16.1,1015.8
2022-05-25 21:27:55,Clear,14.7,12.0,64,8.1,W,19.0,16.1,1015.8
2022-05-25 21:31:55,Clear,14.7,12.0,64,8.1,W,19.0,16.1,1015.8
2022-05-25 21:35:56,Clear,14.7,13.0,66,8.4,W,13.2,16.1,1015.8
2022-05-25 21:39:56,Clear,14.7,13.0,66,8.4,W,13.2,16.1,1015.8
2022-05-25 21:43:56,Clear,14.7,13.0,66,8.4,W,13.2,16.1,1015.8
2022-05-25 21:47:57,Mostly clear,14.7,13.0,66,8.4,W,13.2,16.1,1015.8
2022-05-25 21:51:57,Mostly clear,14.7,13.0,66,8.4,W,13.2,16.1,1015.8
2022-05-25 21:55:57,Clear,14.7,13.0,66,8.4,W,13.2,16.1,1015.8
2022-05-25 21:59:58,Clear,14.7,13.0,66,8.4,W,13.2,16.1,1015.8
2022-05-25 22:03:58,Clear,14.7,13.0,66,8.4,W,13.2,16.1,1015.8
2022-05-25 22:07:58,Clear,14.7,13.0,66,8.4,W,13.2,16.1,1015.8
2022-05-25 22:12:04,Clear,13.5,11.6,71,8.4,W,13.2,16.1,1015.2
2022-05-25 22:16:04,Clear,13.5,11.6,71,8.4,W,13.2,16.1,1015.2
2022-05-25 22:20:04,Clear,13.5,11.6,71,8.4,W,13.2,16.1,1017.0
2022-05-25 22:24:05,Clear,13.5,11.6,71,8.4,W,13.2,16.1,1017.0
2022-05-25 22:28:05,Clear,13.5,11.6,71,8.4,W,13.2,16.1,1017.0
2022-05-25 22:32:06,Clear,13.5,11.9,72,8.6,W,11.7,16.1,1017.0
2022-05-25 22:36:06,Clear,13.5,11.9,72,8.6,W,11.7,16.1,1017.0
2022-05-25 22:40:07,Clear,13.5,11.9,72,8.6,W,11.7,16.1,1017.0
2022-05-25 23:14:57,Clear,12.6,10.9,77,8.6,W,11.7,16.1,1016.3
2022-05-25 23:18:57,Clear,12.6,10.9,77,8.6,W,11.7,16.1,1016.3
2022-05-25 23:22:58,Clear,12.6,10.9,77,8.6,W,11.7,16.1,1016.3
2022-05-25 23:26:58,Clear,12.6,11.2,77,8.7,W,10.5,16.1,1017.6
2022-05-25 23:30:59,Clear,12.6,11.2,77,8.7,W,10.5,16.1,1017.6
2022-05-25 23:34:59,Clear,12.6,11.2,77,8.7,W,10.5,16.1,1017.6
2022-05-25 23:38:59,Clear,12.6,11.2,77,8.7,W,10.5,16.1,1017.6
2022-05-26 12:23:14,Cloudy,17.3,15.5,63,10.1,WSW,26.3,16.1,1021.0
2022-05-27 10:00:26,Sunny,13.5,14.1,56,5.0,WNW,16.7,16.1,1026.0
2022-05-27 10:04:32,Sunny,13.5,14.1,56,5.0,WNW,16.7,16.1,1026.0
2022-05-27 10:08:33,Sunny,13.5,14.1,56,5.0,WNW,16.7,16.1,1026.0
2022-05-27 10:12:33,Sunny,13.5,14.1,56,5.0,WNW,16.7,16.1,1026.0
2022-05-27 10:16:33,Sunny,14.2,15.7,54,5.0,WNW,16.7,16.1,1026.0
2022-05-27 10:20:33,Sunny,14.2,15.7,54,5.0,WNW,16.7,16.1,1026.0
2022-05-27 10:24:45,Sunny,14.2,15.7,54,5.0,WNW,16.7,16.1,1026.0
2022-05-27 10:28:52,Sunny,14.2,15.0,51,4.2,WNW,17.5,16.1,1026.0
2022-05-27 10:32:52,Sunny,14.2,15.0,51,4.2,WNW,17.5,16.1,1026.0
2022-05-27 10:36:55,Sunny,14.2,15.5,51,4.2,WNW,17.5,16.1,1026.0
2022-05-27 12:02:48,Sunny,15.3,17.8,46,3.8,NW,16.4,16.1,1026.0
2022-05-27 12:06:48,Sunny,15.3,17.8,46,3.8,NW,16.4,16.1,1026.0
2022-05-27 12:10:49,Sunny,15.3,17.8,46,3.8,NW,16.4,16.1,1026.0
2022-05-27 12:14:49,Sunny,15.3,17.8,46,3.8,NW,16.4,16.1,1026.0
2022-05-30 20:09:25,Cloudy,14.5,12.7,51,4.5,S,14.5,16.1,1010.0
2022-05-30 20:13:26,Cloudy,13.7,11.5,54,4.5,S,14.5,16.1,1009.8
2022-05-30 20:17:26,Cloudy,13.7,11.5,54,4.5,S,14.5,16.1,1009.8
2022-05-30 20:21:27,Cloudy,13.7,11.5,54,4.5,S,14.5,16.1,1009.8
2022-05-30 20:25:28,Mostly cloudy,11.8,9.3,61,4.5,S,14.5,16.1,1010.8
2022-05-30 20:29:31,Mostly cloudy,11.8,9.3,61,4.5,S,14.5,16.1,1010.8
2022-05-30 20:33:31,Mostly cloudy,11.8,9.3,61,4.5,S,14.5,16.1,1010.8
2022-05-30 20:37:32,Mostly cloudy,11.8,11.3,65,5.4,WNW,7.7,16.1,1010.8
2022-05-30 20:41:32,Mostly cloudy,11.8,11.3,65,5.4,WNW,7.7,16.1,1010.8
2022-05-30 20:45:32,Mostly cloudy,11.8,11.3,65,5.4,WNW,7.7,16.1,1010.8
2022-05-30 20:49:33,Mostly cloudy,11.8,11.3,65,5.4,WNW,7.7,16.1,1010.8
2022-05-30 20:53:33,Mostly cloudy,11.8,11.3,65,5.4,WNW,7.7,16.1,1010.8
2022-05-30 20:57:33,Cloudy,11.8,11.3,65,5.4,WNW,7.7,16.1,1010.8
2022-05-30 21:01:34,Cloudy,11.8,11.3,65,5.4,WNW,7.7,16.1,1010.8
2022-05-30 21:05:34,Cloudy,11.0,10.5,68,5.4,WNW,7.7,16.1,1010.5
2022-05-30 21:09:34,Cloudy,11.0,10.5,68,5.4,WNW,7.7,16.1,1010.5
2022-05-30 21:13:35,Cloudy,11.0,10.5,68,5.4,WNW,7.7,16.1,1010.5
2022-05-30 21:17:35,Cloudy,11.0,10.5,68,5.4,WNW,7.7,16.1,1011.1
2022-05-30 21:21:35,Cloudy,11.0,10.5,68,5.4,WNW,7.7,16.1,1011.1
2022-05-30 21:25:36,Cloudy,11.0,10.5,68,5.4,WNW,7.7,16.1,1011.1
2022-05-30 21:29:36,Cloudy,11.0,10.5,68,5.4,WNW,7.7,16.1,1011.1
2022-05-30 21:33:36,Cloudy,11.0,10.5,68,5.4,WNW,7.7,16.1,1011.1
2022-05-30 21:37:37,Mostly cloudy,11.0,9.7,73,6.4,SSW,9.8,16.1,1011.1
2022-05-30 21:41:37,Mostly cloudy,11.0,9.7,73,6.4,SSW,9.8,16.1,1011.1
2022-05-30 21:45:37,Mostly cloudy,11.0,9.7,73,6.4,SSW,9.8,16.1,1011.1
2022-05-30 21:49:38,Mostly cloudy,11.0,9.7,73,6.4,SSW,9.8,16.1,1011.1
2022-05-30 21:53:38,Mostly cloudy,11.0,9.7,73,6.4,SSW,9.8,16.1,1011.1
2022-05-30 21:57:38,Mostly cloudy,11.0,9.7,73,6.4,SSW,9.8,16.1,1011.1
2022-05-30 22:01:39,Mostly cloudy,11.0,9.7,73,6.4,SSW,9.8,16.1,1011.1
2022-05-30 22:05:39,Mostly cloudy,11.0,9.7,73,6.4,SSW,9.8,16.1,1011.1
2022-05-30 22:09:40,Mostly cloudy,11.0,9.7,73,6.4,SSW,9.8,16.1,1011.1
2022-05-30 22:13:41,Mostly cloudy,10.3,8.9,77,6.4,SSW,9.8,16.1,1011.2
2022-05-30 22:17:41,Mostly cloudy,10.3,8.9,77,6.4,SSW,9.8,16.1,1011.2
2022-05-30 22:21:41,Partly cloudy,10.3,8.9,77,6.4,SSW,9.8,16.1,1011.4
2022-05-30 22:25:42,Partly cloudy,10.3,8.9,77,6.4,SSW,9.8,16.1,1011.4
2022-05-30 22:29:42,Partly cloudy,10.3,8.9,77,6.4,SSW,9.8,16.1,1011.4
2022-05-30 22:33:43,Partly cloudy,10.3,10.4,79,6.9,SW,6.0,16.1,1011.4
2022-05-30 22:37:45,Partly cloudy,10.3,10.4,79,6.9,SW,6.0,16.1,1011.4
2022-05-30 22:41:45,Partly cloudy,10.3,10.4,79,6.9,SW,6.0,16.1,1011.4
2022-05-30 22:45:47,Partly cloudy,10.3,10.4,79,6.9,SW,6.0,16.1,1011.4
2022-05-30 22:49:47,Partly cloudy,10.3,10.4,79,6.9,SW,6.0,16.1,1011.4
2022-05-30 22:53:47,Partly cloudy,10.3,10.4,79,6.9,SW,6.0,16.1,1011.4
2022-05-30 22:57:48,Mostly clear,10.3,10.4,79,6.9,SW,6.0,16.1,1011.4
2022-05-30 23:01:48,Mostly clear,10.3,10.4,79,6.9,SW,6.0,16.1,1011.4
2022-05-30 23:05:48,Mostly clear,10.3,10.4,79,6.9,SW,6.0,16.1,1011.4
2022-05-30 23:09:49,Mostly clear,9.7,9.8,83,6.9,SW,6.0,16.1,1011.8
2022-05-30 23:13:49,Mostly clear,9.7,9.8,83,6.9,SW,6.0,16.1,1011.8
2022-05-30 23:17:50,Mostly clear,9.7,9.8,83,6.9,SW,6.0,16.1,1011.8
2022-05-30 23:21:50,Mostly clear,9.7,9.8,83,6.9,SW,6.0,16.1,1011.7
2022-05-30 23:25:51,Mostly clear,9.7,9.8,83,6.9,SW,6.0,16.1,1011.7
2022-05-30 23:29:51,Clear,9.7,9.2,83,6.9,SW,7.5,16.1,1011.7
2022-05-30 23:33:52,Clear,9.7,9.2,83,6.9,SW,7.5,16.1,1011.7
2022-05-30 23:37:52,Clear,9.7,9.2,83,6.9,SW,7.5,16.1,1011.7
2022-05-30 23:41:52,Partly cloudy,9.7,9.2,83,6.9,SW,7.5,16.1,1011.7
2022-05-30 23:45:53,Partly cloudy,9.7,9.2,83,6.9,SW,7.5,16.1,1011.7
2022-05-30 23:49:53,Partly cloudy,9.7,9.2,83,6.9,SW,7.5,16.1,1011.7
2022-05-30 23:53:53,Partly cloudy,9.7,9.2,83,6.9,SW,7.5,16.1,1011.7
2022-05-30 23:57:54,Partly cloudy,9.7,9.2,83,6.9,SW,7.5,16.1,1011.7
2022-05-31 00:01:54,Partly cloudy,9.7,9.2,83,6.9,SW,7.5,16.1,1011.7
2022-05-31 00:05:55,Partly cloudy,9.7,9.2,83,6.9,SW,7.5,16.1,1011.7
2022-05-31 00:09:55,Partly cloudy,9.7,9.2,83,6.9,SW,7.5,16.1,1011.7
2022-05-31 00:13:56,Mostly clear,9.1,8.6,86,6.9,SW,7.5,16.1,1011.5
2022-05-31 00:17:56,Mostly clear,9.1,8.6,86,6.9,SW,7.5,16.1,1011.5
2022-05-31 00:21:57,Partly cloudy,9.1,8.6,86,6.9,SW,7.5,16.1,1011.7
2022-05-31 00:25:57,Partly cloudy,9.1,8.6,86,6.9,SW,7.5,16.1,1011.7
2022-05-31 00:29:58,Partly cloudy,9.1,8.6,86,6.9,SW,7.5,16.1,1011.7
2022-05-31 00:33:58,Mostly clear,9.1,8.7,84,6.5,WSW,7.3,16.1,1011.7
2022-05-31 00:37:58,Mostly clear,9.1,8.7,84,6.5,WSW,7.3,16.1,1011.7
2022-05-31 00:41:59,Clear,9.1,8.7,84,6.5,WSW,7.3,16.1,1011.7
2022-05-31 00:45:59,Clear,9.1,8.7,84,6.5,WSW,7.3,16.1,1011.7
2022-05-31 00:50:00,Clear,9.1,8.7,84,6.5,WSW,7.3,16.1,1011.7
2022-05-31 00:54:00,Clear,9.1,8.7,84,6.5,WSW,7.3,16.1,1011.7
2022-05-31 00:58:00,Clear,9.1,8.7,84,6.5,WSW,7.3,16.1,1011.7
2022-05-31 01:02:01,Clear,9.1,8.7,84,6.5,WSW,7.3,16.1,1011.7
2022-05-31 01:06:01,Clear,9.1,8.7,84,6.5,WSW,7.3,16.1,1011.7
2022-05-31 01:10:01,Clear,8.5,8.1,87,6.5,WSW,7.3,16.1,1011.5
2022-05-31 01:14:02,Clear,8.5,8.1,87,6.5,WSW,7.3,16.1,1011.5
2022-05-31 01:18:02,Clear,8.5,8.1,87,6.5,WSW,7.3,16.1,1011.8
2022-05-31 01:22:02,Clear,8.5,8.1,87,6.5,WSW,7.3,16.1,1011.8
2022-05-31 01:26:03,Clear,8.5,8.6,85,6.2,W,6.4,16.1,1011.8
2022-05-31 01:30:03,Clear,8.5,8.6,85,6.2,W,6.4,16.1,1011.8
2022-05-31 01:34:04,Clear,8.5,8.6,85,6.2,W,6.4,16.1,1011.8
2022-05-31 01:38:04,Clear,8.5,8.6,85,6.2,W,6.4,16.1,1011.8
2022-05-31 01:42:04,Clear,8.5,8.6,85,6.2,W,6.4,16.1,1011.8
2022-05-31 01:46:05,Clear,8.5,8.6,85,6.2,W,6.4,16.1,1011.8
2022-05-31 01:50:06,Clear,8.5,8.6,85,6.2,W,6.4,16.1,1011.8
2022-05-31 01:54:06,Clear,8.5,8.6,85,6.2,W,6.4,16.1,1011.8
2022-05-31 01:58:07,Clear,8.5,8.6,85,6.2,W,6.4,16.1,1011.8
2022-05-31 02:02:07,Clear,8.5,8.6,85,6.2,W,6.4,16.1,1011.8
2022-05-31 02:06:08,Clear,8.5,8.6,85,6.2,W,6.4,16.1,1011.8
2022-05-31 02:10:08,Clear,8.5,8.6,85,6.2,W,6.4,16.1,1011.8
2022-05-31 02:14:08,Clear,8.0,8.0,88,6.2,W,6.4,16.1,1011.5
2022-05-31 02:18:09,Clear,8.0,8.0,88,6.2,W,6.4,16.1,1011.5
2022-05-31 02:22:09,Clear,8.0,8.0,88,6.2,W,6.4,16.1,1011.5
2022-05-31 02:26:10,Clear,8.0,7.7,87,5.9,WSW,7.0,16.1,1011.7
2022-05-31 02:30:10,Clear,8.0,7.7,87,5.9,WSW,7.0,16.1,1011.7
2022-05-31 02:34:11,Clear,8.0,7.7,87,5.9,WSW,7.0,16.1,1011.7
2022-05-31 02:38:11,Clear,8.0,7.7,87,5.9,WSW,7.0,16.1,1011.7
2022-05-31 02:42:12,Clear,8.0,7.7,87,5.9,WSW,7.0,16.1,1011.7
2022-05-31 02:46:12,Mostly clear,8.0,7.7,87,5.9,WSW,7.0,16.1,1011.7
2022-05-31 02:50:13,Mostly clear,8.0,7.7,87,5.9,WSW,7.0,16.1,1011.7
2022-05-31 02:54:13,Mostly clear,8.0,7.7,87,5.9,WSW,7.0,16.1,1011.7
2022-05-31 02:58:13,Mostly clear,8.0,7.7,87,5.9,WSW,7.0,16.1,1011.7
2022-05-31 03:02:14,Mostly clear,8.0,7.7,87,5.9,WSW,7.0,16.1,1011.7
2022-05-31 03:06:14,Mostly clear,8.0,7.7,87,5.9,WSW,7.0,16.1,1011.7
2022-05-31 03:10:14,Mostly clear,8.0,7.7,87,5.9,WSW,7.0,16.1,1011.7
2022-05-31 03:14:14,Mostly clear,7.5,7.2,90,5.9,WSW,7.0,16.1,1011.5
2022-05-31 03:18:15,Partly cloudy,7.5,7.2,90,5.9,WSW,7.0,16.1,1011.5
2022-05-31 03:22:15,Partly cloudy,7.5,7.2,90,5.9,WSW,7.0,16.1,1011.5
2022-05-31 03:26:15,Partly cloudy,7.5,7.2,90,5.9,WSW,7.0,16.1,1011.8
2022-05-31 03:30:16,Partly cloudy,7.5,7.2,90,5.9,WSW,7.0,16.1,1011.8
2022-05-31 03:34:16,Mostly cloudy,7.5,7.9,85,5.1,S,5.1,16.1,1011.8
2022-05-31 03:38:16,Mostly cloudy,7.5,7.9,85,5.1,S,5.1,16.1,1011.8
2022-05-31 03:42:17,Partly cloudy,7.5,7.9,85,5.1,S,5.1,16.1,1011.8
2022-05-31 03:46:17,Partly cloudy,7.5,7.9,85,5.1,S,5.1,16.1,1011.8
2022-05-31 03:50:17,Partly cloudy,7.5,7.9,85,5.1,S,5.1,16.1,1011.8
2022-05-31 03:54:18,Partly cloudy,7.5,7.9,85,5.1,S,5.1,16.1,1011.8
2022-05-31 03:58:18,Partly cloudy,7.5,7.9,85,5.1,S,5.1,16.1,1011.8
2022-05-31 04:02:18,Partly cloudy,7.5,7.9,85,5.1,S,5.1,16.1,1011.8
2022-05-31 04:06:19,Partly cloudy,7.5,7.9,85,5.1,S,5.1,16.1,1011.8
2022-05-31 04:10:19,Mostly cloudy,6.8,7.3,89,5.1,S,5.1,16.1,1011.5
2022-05-31 04:14:19,Mostly cloudy,6.8,7.3,89,5.1,S,5.1,16.1,1011.5
2022-05-31 04:18:20,Mostly cloudy,5.7,6.2,96,5.1,S,5.1,16.1,1011.6
2022-05-31 04:22:20,Mostly cloudy,5.7,6.2,96,5.1,S,5.1,16.1,1011.6
2022-05-31 04:26:20,Mostly cloudy,5.7,6.2,96,5.1,S,5.1,16.1,1011.6
2022-05-31 04:30:21,Mostly cloudy,5.7,6.2,96,5.1,S,5.1,16.1,1011.6
2022-05-31 04:34:21,Mostly cloudy,5.7,6.2,96,5.1,S,5.1,16.1,1011.6
2022-05-31 04:38:21,Mostly cloudy,5.7,6.5,95,5.0,W,4.3,16.1,1011.6
2022-05-31 04:42:21,Mostly cloudy,5.7,6.5,95,5.0,W,4.3,16.1,1011.6
2022-05-31 04:46:22,Mostly cloudy,5.7,6.5,95,5.0,W,4.3,16.1,1011.6
2022-05-31 04:50:22,Mostly cloudy,5.7,6.5,95,5.0,W,4.3,16.1,1011.6
2022-05-31 04:54:22,Mostly cloudy,5.7,6.5,95,5.0,W,4.3,16.1,1011.6
2022-05-31 04:58:23,Cloudy,5.7,6.5,95,5.0,W,4.3,16.1,1011.6
2022-05-31 05:02:23,Cloudy,5.7,6.5,95,5.0,W,4.3,16.1,1011.6
2022-05-31 05:06:23,Cloudy,5.7,6.5,95,5.0,W,4.3,16.1,1011.6
2022-05-31 05:10:23,Cloudy,5.5,6.6,96,5.0,W,4.3,16.1,1010.8
2022-05-31 05:14:24,Cloudy,5.5,6.6,96,5.0,W,4.3,16.1,1010.8
2022-05-31 05:18:24,Cloudy,5.5,6.5,96,5.0,W,4.3,16.1,1010.8
2022-05-31 05:22:24,Cloudy,5.5,6.5,96,5.0,W,4.3,16.1,1010.8
2022-05-31 05:26:25,Cloudy,5.5,6.5,96,5.0,W,4.3,16.1,1010.8
2022-05-31 05:30:25,Mostly cloudy,5.5,6.5,100,5.5,SSE,4.7,16.1,1011.5
2022-05-31 05:34:25,Mostly cloudy,5.5,6.5,100,5.5,SSE,4.7,16.1,1011.5
2022-05-31 05:38:26,Mostly cloudy,5.5,6.5,100,5.5,SSE,4.7,16.1,1011.5
2022-05-31 05:42:26,Light rain,5.5,6.5,100,5.5,SSE,4.7,16.1,1011.5
2022-05-31 05:46:26,Light rain,5.5,6.5,100,5.5,SSE,4.7,16.1,1011.5
2022-05-31 05:50:27,Mostly cloudy,5.5,6.4,100,5.5,SSE,4.7,16.1,1011.5
2022-05-31 05:54:27,Mostly cloudy,5.5,6.4,100,5.5,SSE,4.7,16.1,1011.5
2022-05-31 05:58:27,Mostly cloudy,5.5,6.4,100,5.5,SSE,4.7,16.1,1011.5
2022-05-31 06:02:28,Light rain,5.5,6.4,100,5.5,SSE,4.7,16.1,1011.5
2022-05-31 06:06:28,Light rain,5.5,6.4,100,5.5,SSE,4.7,16.1,1011.5
2022-05-31 06:10:28,Cloudy,6.5,7.6,93,5.5,SSE,4.7,16.1,1010.8
2022-05-31 06:14:29,Cloudy,6.5,7.6,93,5.5,SSE,4.7,16.1,1010.8
2022-05-31 06:18:29,Cloudy,6.5,7.6,93,5.5,SSE,4.7,16.1,1010.8
2022-05-31 06:22:29,Cloudy,6.5,7.6,93,5.5,SSE,4.7,16.1,1011.4
2022-05-31 06:26:30,Cloudy,6.5,7.6,93,5.5,SSE,4.7,16.1,1011.4
2022-05-31 06:30:30,Cloudy,6.5,7.6,93,5.5,SSE,4.7,16.1,1011.4
2022-05-31 06:34:30,Light rain,6.5,7.9,99,6.3,N,4.3,16.1,1011.4
2022-05-31 06:38:31,Light rain,6.5,7.9,99,6.3,N,4.3,16.1,1011.4
2022-05-31 06:42:31,Light rain,6.5,7.9,99,6.3,N,4.3,16.1,1011.4
2022-05-31 06:46:31,Light rain,6.5,7.9,99,6.3,N,4.3,16.1,1011.4
2022-05-31 06:50:32,Light rain,6.5,7.9,99,6.3,N,4.3,16.1,1011.4
2022-05-31 06:54:32,Light rain,6.5,7.9,99,6.3,N,4.3,16.1,1011.4
2022-05-31 06:58:32,Light rain,6.5,7.9,99,6.3,N,4.3,16.1,1011.4
2022-05-31 07:02:32,Light rain,6.5,7.9,99,6.3,N,4.3,16.1,1011.4
2022-05-31 07:06:33,Light rain,6.5,7.9,99,6.3,N,4.3,16.1,1011.4
2022-05-31 07:10:33,Light rain,7.8,9.5,90,6.3,N,4.3,16.1,1010.8
2022-05-31 07:14:33,Light rain,7.8,9.5,90,6.3,N,4.3,16.1,1010.8
2022-05-31 07:18:34,Light rain,7.8,9.5,90,6.3,N,4.3,16.1,1010.8
2022-05-31 07:22:34,Rain,7.8,9.4,90,6.3,N,4.3,16.1,1011.5
2022-05-31 07:26:34,Rain,7.8,9.4,90,6.3,N,4.3,16.1,1011.5
2022-05-31 07:30:35,Rain,7.8,9.4,90,6.3,N,4.3,16.1,1011.5
2022-05-31 07:34:35,Light rain,7.8,9.1,91,6.5,SW,5.6,16.1,1011.5
2022-05-31 07:38:35,Light rain,7.8,9.1,91,6.5,SW,5.6,16.1,1011.5
2022-05-31 07:42:36,Mostly cloudy,7.8,9.1,91,6.5,SW,5.6,16.1,1011.5
2022-05-31 07:46:36,Mostly cloudy,7.8,9.1,91,6.5,SW,5.6,16.1,1011.5
2022-05-31 07:50:37,Mostly cloudy,7.8,9.1,91,6.5,SW,5.6,16.1,1011.5
2022-05-31 07:54:37,Mostly cloudy,7.8,9.1,91,6.5,SW,5.6,16.1,1011.5
2022-05-31 07:58:37,Mostly cloudy,7.8,9.1,91,6.5,SW,5.6,16.1,1011.5
2022-05-31 08:02:37,Mostly cloudy,7.8,9.1,91,6.5,SW,5.6,16.1,1011.5
2022-05-31 11:52:22,Sunny,12.9,15.3,54,3.8,WNW,11.1,16.1,1011.0
2022-05-31 11:56:23,Sunny,12.9,15.3,54,3.8,WNW,11.1,16.1,1011.0
2022-05-31 12:00:23,Sunny,12.9,15.3,54,3.8,WNW,11.1,16.1,1011.0
2022-05-31 12:04:23,Cloudy,12.9,13.2,54,3.8,WNW,11.1,16.1,1011.0
2022-05-31 12:08:24,Light rain,13.9,14.4,51,3.8,WNW,11.1,16.1,1011.0
2022-05-31 12:12:24,Mostly cloudy,13.9,14.4,51,3.8,WNW,11.1,16.1,1011.0
2022-05-31 12:16:24,Mostly cloudy,13.9,14.4,51,3.8,WNW,11.1,16.1,1011.0
2022-05-31 12:20:26,Mostly cloudy,13.9,14.5,51,3.8,WNW,11.1,16.1,1011.0
2022-05-31 12:25:05,Mostly cloudy,13.9,14.5,51,3.8,WNW,11.1,16.1,1011.0
2022-05-31 12:29:05,Mostly cloudy,13.9,12.8,58,5.7,WNW,10.9,8.0,1011.0
2022-05-31 12:33:05,Mostly cloudy,13.9,12.8,58,5.7,WNW,10.9,8.0,1011.0
2022-05-31 12:37:05,Mostly cloudy,13.9,12.8,58,5.7,WNW,10.9,8.0,1011.0
2022-05-31 12:41:06,Partly sunny,13.9,12.8,58,5.7,WNW,10.9,8.0,1011.0
2022-05-31 12:45:06,Partly sunny,13.9,12.8,58,5.7,WNW,10.9,8.0,1011.0
2022-05-31 12:49:06,Partly sunny,13.9,12.8,58,5.7,WNW,10.9,8.0,1011.0
2022-05-31 12:53:07,Partly sunny,13.9,14.2,58,5.7,WNW,10.9,8.0,1011.0
2022-05-31 12:57:07,Partly sunny,13.9,14.2,58,5.7,WNW,10.9,8.0,1011.0
2022-05-31 13:01:08,Mostly sunny,13.9,14.2,58,5.7,WNW,10.9,8.0,1011.0
2022-05-31 13:05:09,Partly sunny,13.9,14.7,58,5.7,WNW,10.9,8.0,1011.0
2022-05-31 13:09:10,Partly sunny,13.9,14.7,58,5.7,WNW,10.9,8.0,1011.0
2022-05-31 13:13:11,Mostly cloudy,14.6,13.9,55,5.7,WNW,10.9,8.0,1011.0
2022-05-31 13:17:11,Mostly cloudy,14.6,13.9,55,5.7,WNW,10.9,8.0,1011.0
2022-05-31 13:21:12,Mostly cloudy,14.6,13.9,55,5.7,WNW,10.9,8.0,1011.0
2022-05-31 13:25:12,Cloudy,14.6,13.4,55,5.7,WNW,10.9,8.0,1011.0
2022-05-31 13:29:12,Light rain,14.6,14.0,50,4.4,W,18.6,16.1,1011.0
2022-05-31 13:33:13,Light rain,14.6,14.0,50,4.4,W,18.6,16.1,1011.0
2022-05-31 13:37:13,Light rain,14.6,14.0,50,4.4,W,18.6,16.1,1011.0
2022-05-31 13:41:14,Light rain,14.6,14.0,50,4.4,W,18.6,16.1,1011.0
2022-05-31 13:45:14,Mostly cloudy,14.6,13.8,50,4.4,W,18.6,16.1,1011.0
2022-05-31 13:49:14,Mostly cloudy,14.6,13.8,50,4.4,W,18.6,16.1,1011.0
2022-05-31 13:53:15,Mostly cloudy,14.6,13.8,50,4.4,W,18.6,16.1,1011.0
2022-05-31 14:05:19,Cloudy,14.6,13.6,50,4.4,W,18.6,16.1,1011.0
2022-05-31 14:09:19,Cloudy,14.6,13.6,50,4.4,W,18.6,16.1,1011.0
2022-05-31 14:13:19,Cloudy,14.6,13.6,50,4.4,W,18.6,16.1,1011.0
2022-05-31 14:17:20,Light rain,15.4,14.0,48,4.4,W,18.6,16.1,1011.0
2022-05-31 14:21:20,Light rain,15.4,14.0,48,4.4,W,18.6,16.1,1011.0
2022-05-31 14:25:20,Light rain,15.4,14.0,48,4.4,W,18.6,16.1,1011.0
2022-05-31 14:53:02,Light rain,15.4,14.3,48,4.4,W,16.9,16.1,1011.0
2022-05-31 14:57:02,Light rain,15.4,14.3,48,4.4,W,16.9,16.1,1011.0
2022-05-31 15:01:03,Light rain,15.4,14.3,48,4.4,W,16.9,16.1,1011.0
