2022-06-24 23:31:26,0.26855 , 0.00000
2022-06-25 00:31:26,0.26855 , 0.00000
2022-06-25 01:31:26,0.26855 , 0.00000
2022-06-25 01:32:26,0.26855 , 0.00000
2022-06-25 01:33:26,0.31738 , 0.00000
2022-06-25 01:34:26,0.29297 , 0.00000
2022-06-25 01:35:26,0.21973 , 0.00000
2022-06-25 01:36:26,0.26855 , 0.00000
2022-06-25 01:37:26,0.36621 , 0.00000
2022-06-25 01:38:27,0.26855 , 0.00000
2022-06-25 01:39:27,0.34180 , 0.00000
2022-06-25 01:40:27,0.24414 , 0.00000
2022-06-25 01:41:27,0.34180 , 0.00000
2022-06-25 01:42:27,0.24414 , 0.00000
2022-06-25 01:43:27,0.26855 , 0.00000
2022-06-25 01:44:28,0.34180 , 0.00000
2022-06-25 01:45:28,0.29297 , 0.00000
2022-06-25 01:46:28,0.31738 , 0.00000
2022-06-25 01:47:28,0.34180 , 0.00000
2022-06-25 01:48:28,0.31738 , 0.00000
2022-06-25 01:49:28,0.26855 , 0.00000
2022-06-25 01:50:29,0.29297 , 0.00000
2022-06-25 01:51:29,0.31738 , 0.00000
2022-06-25 01:52:29,0.29297 , 0.00000
2022-06-25 01:53:29,0.24414 , 0.00000
2022-06-25 01:54:29,0.24414 , 0.00000
2022-06-25 01:55:29,0.26855 , 0.00000
2022-06-25 01:56:29,0.24414 , 0.00000
2022-06-25 01:57:30,0.26855 , 0.00000
2022-06-25 01:58:30,0.17090 , 0.00000
2022-06-25 01:59:30,0.17090 , 0.00000
2022-06-25 02:00:30,0.17090 , 0.00000
2022-06-25 02:01:30,0.19531 , 0.00000
2022-06-25 02:02:30,0.19531 , 0.00000
2022-06-25 02:03:31,0.14648 , 0.00000
2022-06-25 02:04:31,0.19531 , 0.00000
2022-06-25 02:05:31,0.12207 , 0.00000
2022-06-25 02:06:31,0.21973 , 0.00000
2022-06-25 02:07:31,0.17090 , 0.00000
2022-06-25 02:08:31,0.17090 , 0.00000
2022-06-25 02:09:31,0.17090 , 0.00000
2022-06-25 02:10:32,0.21973 , 0.00000
2022-06-25 02:11:32,0.19531 , 0.00000
2022-06-25 02:12:32,0.17090 , 0.00000
2022-06-25 02:13:32,0.19531 , 0.00000
2022-06-25 02:14:32,0.19531 , 0.00000
2022-06-25 02:15:32,0.19531 , 0.00000
2022-06-25 02:16:33,0.19531 , 0.00000
2022-06-25 02:17:33,0.21973 , 0.00000
2022-06-25 02:18:33,0.14648 , 0.00000
2022-06-25 02:19:33,0.14648 , 0.00000
2022-06-25 02:20:33,0.12207 , 0.00000
2022-06-25 02:21:33,0.12207 , 0.00000
2022-06-25 02:22:33,0.17090 , 0.00000
2022-06-25 02:23:34,0.19531 , 0.00000
2022-06-25 02:24:34,0.19531 , 0.00000
2022-06-25 02:25:34,0.24414 , 0.00000
2022-06-25 02:26:34,0.19531 , 0.00000
2022-06-25 02:27:34,0.19531 , 0.00000
2022-06-25 02:28:34,0.17090 , 0.00000
2022-06-25 02:29:35,0.19531 , 0.00000
2022-06-25 02:30:35,0.19531 , 0.00000
2022-06-25 02:31:35,0.17090 , 0.00000
2022-06-25 02:32:35,0.17090 , 0.00000
2022-06-25 02:33:35,0.21973 , 0.00000
2022-06-25 02:34:35,0.21973 , 0.00000
2022-06-25 02:35:35,0.19531 , 0.00000
2022-06-25 02:36:36,0.17090 , 0.00000
2022-06-25 02:37:36,0.14648 , 0.00000
2022-06-25 02:38:36,0.14648 , 0.00000
2022-06-25 02:39:36,0.21973 , 0.00000
2022-06-25 02:40:36,0.21973 , 0.00000
2022-06-25 02:41:36,0.14648 , 0.00000
2022-06-25 02:42:37,0.19531 , 0.00000
2022-06-25 02:43:37,0.19531 , 0.00000
2022-06-25 02:44:37,0.19531 , 0.00000
2022-06-25 02:45:37,0.24414 , 0.00000
2022-06-25 02:46:37,0.19531 , 0.00000
2022-06-25 02:47:37,0.14648 , 0.00000
2022-06-25 02:48:38,0.21973 , 0.00000
2022-06-25 02:49:38,0.19531 , 0.00000
2022-06-25 02:50:38,0.21973 , 0.00000
2022-06-25 02:51:38,0.19531 , 0.00000
2022-06-25 02:52:38,0.14648 , 0.00000
2022-06-25 02:53:38,0.21973 , 0.00000
2022-06-25 02:54:38,0.21973 , 0.00000
2022-06-25 02:55:39,0.21973 , 0.00000
2022-06-25 02:56:39,0.24414 , 0.00000
2022-06-25 02:57:39,0.17090 , 0.00000
2022-06-25 02:58:39,0.19531 , 0.00000
2022-06-25 02:59:39,0.17090 , 0.00000
2022-06-25 03:00:39,0.19531 , 0.00000
2022-06-25 03:01:40,0.14648 , 0.00000
2022-06-25 03:02:40,0.21973 , 0.00000
2022-06-25 03:03:40,0.19531 , 0.00000
2022-06-25 03:04:40,0.19531 , 0.00000
2022-06-25 03:05:40,0.17090 , 0.00000
2022-06-25 03:06:40,0.21973 , 0.00000
2022-06-25 03:07:40,0.17090 , 0.00000
2022-06-25 03:08:41,0.14648 , 0.00000
2022-06-25 03:09:41,0.21973 , 0.00000
2022-06-25 03:10:41,0.21973 , 0.00000
2022-06-25 03:11:41,0.21973 , 0.00000
2022-06-25 03:12:41,0.21973 , 0.00000
2022-06-25 03:13:41,0.12207 , 0.00000
2022-06-25 03:14:42,0.12207 , 0.00000
2022-06-25 03:15:42,0.17090 , 0.00000
2022-06-25 03:16:42,0.17090 , 0.00000
2022-06-25 03:17:42,0.21973 , 0.00000
2022-06-25 03:18:42,0.19531 , 0.00000
2022-06-25 03:19:42,0.26855 , 0.00000
2022-06-25 03:20:42,0.17090 , 0.00000
2022-06-25 03:21:43,0.19531 , 0.00000
2022-06-25 03:22:43,0.14648 , 0.00000
2022-06-25 03:23:43,0.24414 , 0.00000
2022-06-25 03:24:43,0.14648 , 0.00000
2022-06-25 03:25:43,0.19531 , 0.00000
2022-06-25 03:26:43,0.17090 , 0.00000
2022-06-25 03:27:44,0.17090 , 0.00000
2022-06-25 03:28:44,0.26855 , 0.00000
2022-06-25 03:29:44,0.19531 , 0.00000
2022-06-25 03:30:44,0.17090 , 0.00000
2022-06-25 03:31:44,0.24414 , 0.00000
2022-06-25 03:32:44,0.19531 , 0.00000
2022-06-25 03:33:44,0.19531 , 0.00000
2022-06-25 03:34:45,0.24414 , 0.00000
2022-06-25 03:35:45,0.19531 , 0.00000
2022-06-25 03:36:45,0.29297 , 0.00000
2022-06-25 03:37:45,0.29297 , 0.00000
2022-06-25 03:38:45,0.29297 , 0.00000
2022-06-25 03:39:45,0.26855 , 0.00000
2022-06-25 03:40:46,0.29297 , 0.00000
2022-06-25 03:41:46,0.29297 , 0.00000
2022-06-25 03:42:46,0.29297 , 0.00000
2022-06-25 03:43:46,0.24414 , 0.00000
2022-06-25 03:44:46,0.26855 , 0.00000
2022-06-25 03:45:46,0.24414 , 0.00000
2022-06-25 03:46:47,0.24414 , 0.00000
2022-06-25 03:47:47,0.29297 , 0.00000
2022-06-25 03:48:47,0.36621 , 0.00000
2022-06-25 03:49:47,0.36621 , 0.00000
2022-06-25 03:50:47,0.34180 , 0.00000
2022-06-25 03:51:47,0.34180 , 0.00000
2022-06-25 03:52:47,0.41504 , 0.00000
2022-06-25 03:53:48,0.43945 , 0.00000
2022-06-25 03:54:48,0.43945 , 0.00000
2022-06-25 03:55:48,0.53711 , 0.00000
2022-06-25 03:56:48,0.46387 , 0.00000
2022-06-25 03:57:48,0.61035 , 0.00000
2022-06-25 03:58:48,0.68359 , 0.00000
2022-06-25 03:59:49,0.70801 , 0.00000
2022-06-25 04:00:49,0.87891 , 0.00000
2022-06-25 04:01:49,1.02539 , 0.00000
2022-06-25 04:02:49,1.04980 , 0.00000
2022-06-25 04:03:49,1.04980 , 0.00000
2022-06-25 04:04:49,1.09863 , 0.00000
2022-06-25 04:05:49,1.14746 , 0.00000
2022-06-25 04:06:50,1.12305 , 0.00000
2022-06-25 04:07:50,1.29395 , 0.00000
2022-06-25 04:08:50,1.44043 , 0.00000
2022-06-25 04:09:50,1.61133 , 0.00000
2022-06-25 04:10:50,1.78223 , 0.00000
2022-06-25 04:11:50,1.85547 , 0.00000
2022-06-25 04:12:51,2.07520 , 0.00000
2022-06-25 04:13:51,2.19727 , 0.00000
2022-06-25 04:14:51,2.36816 , 0.00000
2022-06-25 04:15:51,2.61230 , 0.00000
2022-06-25 04:16:51,3.00293 , 0.00000
2022-06-25 04:17:51,3.27148 , 0.00000
2022-06-25 04:18:51,3.73535 , 0.00000
2022-06-25 04:19:52,4.19922 , 0.00000
2022-06-25 04:20:52,4.39453 , 0.00000
2022-06-25 04:21:52,4.71191 , 0.00000
2022-06-25 04:22:52,5.12695 , 0.00000
2022-06-25 04:23:52,5.49316 , 0.00000
2022-06-25 04:24:52,5.90820 , 0.00000
2022-06-25 04:25:53,6.34766 , 0.00000
2022-06-25 04:26:53,6.73828 , 0.00000
2022-06-25 04:27:53,7.15332 , 0.00000
2022-06-25 04:28:53,7.56836 , 0.00000
2022-06-25 04:29:53,7.95898 , 0.00000
2022-06-25 04:30:53,8.34961 , 0.00000
2022-06-25 04:31:53,8.66699 , 0.00000
2022-06-25 04:32:54,9.05762 , 0.00000
2022-06-25 04:33:54,9.47266 , 0.00000
2022-06-25 04:34:54,9.76562 , 0.00000
2022-06-25 04:35:54,10.18066 , 0.00000
2022-06-25 04:36:54,10.47363 , 0.00000
2022-06-25 04:37:54,10.81543 , 0.00000
2022-06-25 04:38:55,11.10840 , 0.00000
2022-06-25 04:39:55,11.40137 , 0.00000
2022-06-25 04:40:55,11.62109 , 0.00000
2022-06-25 04:41:55,11.91406 , 0.00000
2022-06-25 04:42:55,12.25586 , 0.00000
2022-06-25 04:43:55,12.47559 , 0.00000
2022-06-25 04:44:56,12.71973 , 0.00000
2022-06-25 04:45:56,12.98828 , 0.00000
2022-06-25 04:46:56,13.01270 , 0.00000
2022-06-25 04:47:56,12.93945 , 0.00000
2022-06-25 04:48:56,12.96387 , 0.00000
2022-06-25 04:49:56,13.03711 , 0.00000
2022-06-25 04:50:56,12.98828 , 0.00000
2022-06-25 04:51:57,13.15918 , 0.00000
2022-06-25 04:52:57,13.03711 , 0.00000
2022-06-25 04:53:57,13.06152 , 0.00000
2022-06-25 04:54:57,13.08594 , 0.00000
2022-06-25 04:55:57,13.03711 , 0.00000
2022-06-25 04:56:57,13.03711 , 0.00000
2022-06-25 04:57:58,13.06152 , 0.00000
2022-06-25 04:58:58,13.06152 , 0.00000
2022-06-25 04:59:58,13.08594 , 0.00000
2022-06-25 05:00:58,13.08594 , 0.00000
2022-06-25 05:01:58,13.06152 , 0.00000
2022-06-25 05:02:58,13.08594 , 0.00000
2022-06-25 05:03:58,13.11035 , 0.00000
2022-06-25 05:04:59,13.11035 , 0.00000
2022-06-25 05:05:59,13.11035 , 0.00000
2022-06-25 05:06:59,13.08594 , 0.00000
2022-06-25 05:07:59,13.08594 , 0.00000
2022-06-25 05:08:59,13.06152 , 0.00000
2022-06-25 05:09:59,13.08594 , 0.00000
2022-06-25 05:11:00,13.08594 , 0.00000
2022-06-25 05:12:00,13.08594 , 0.00000
2022-06-25 05:13:00,13.13477 , 0.00000
2022-06-25 05:14:00,13.13477 , 0.00000
2022-06-25 05:15:00,13.13477 , 0.00000
2022-06-25 05:16:00,13.13477 , 0.00000
2022-06-25 05:17:00,13.11035 , 0.00000
2022-06-25 05:18:01,13.13477 , 0.00000
2022-06-25 05:19:01,13.13477 , 0.00000
2022-06-25 05:20:01,13.18359 , 0.00000
2022-06-25 05:21:01,13.18359 , 0.00000
2022-06-25 05:22:01,13.15918 , 0.00000
2022-06-25 05:23:01,13.15918 , 0.00000
2022-06-25 05:24:02,13.20801 , 0.00000
2022-06-25 05:25:02,13.20801 , 0.00000
2022-06-25 05:26:02,13.18359 , 0.00000
2022-06-25 05:27:02,13.18359 , 0.00000
2022-06-25 05:28:02,13.23242 , 0.00000
2022-06-25 05:29:02,13.18359 , 0.00000
2022-06-25 05:30:02,13.20801 , 0.00000
2022-06-25 05:31:03,13.25684 , 0.00000
2022-06-25 05:32:03,13.25684 , 0.00000
2022-06-25 05:33:03,13.23242 , 0.00000
2022-06-25 05:34:03,13.20801 , 0.00000
2022-06-25 05:35:03,13.25684 , 0.00000
2022-06-25 05:36:03,13.23242 , 0.00000
2022-06-25 05:37:04,13.25684 , 0.00436
2022-06-25 05:38:04,13.25684 , 0.00437
2022-06-25 05:39:04,13.28125 , 0.00851
2022-06-25 05:40:04,13.30566 , 0.00526
2022-06-25 05:41:04,13.30566 , 0.00770
2022-06-25 05:42:04,13.30566 , 0.00829
2022-06-25 05:43:05,13.25684 , 0.00770
2022-06-25 05:44:05,13.28125 , 0.01510
2022-06-25 05:45:05,13.30566 , 0.01562
2022-06-25 05:46:05,13.25684 , 0.01917
2022-06-25 05:47:05,13.30566 , 0.01903
2022-06-25 05:48:05,13.30566 , 0.02317
2022-06-25 05:49:05,13.33008 , 0.02236
2022-06-25 05:50:06,13.30566 , 0.02495
2022-06-25 05:51:06,13.30566 , 0.03184
2022-06-25 05:52:06,13.30566 , 0.03406
2022-06-25 05:53:06,13.37891 , 0.03296
2022-06-25 05:54:06,13.37891 , 0.03111
2022-06-25 05:55:06,13.37891 , 0.03961
2022-06-25 05:56:07,13.37891 , 0.04014
2022-06-25 05:57:07,13.35449 , 0.03792
2022-06-25 05:58:07,13.37891 , 0.04509
2022-06-25 05:59:07,13.40332 , 0.04443
2022-06-25 06:00:07,13.40332 , 0.05057
2022-06-25 06:01:07,13.37891 , 0.04681
2022-06-25 06:02:07,13.42773 , 0.05420
2022-06-25 06:03:08,13.40332 , 0.05946
2022-06-25 06:04:08,13.40332 , 0.06213
2022-06-25 06:05:08,13.37891 , 0.07042
2022-06-25 06:06:08,13.42773 , 0.06887
2022-06-25 06:07:08,13.42773 , 0.07361
2022-06-25 06:08:08,13.45215 , 0.07546
2022-06-25 06:09:09,13.47656 , 0.07753
2022-06-25 06:10:09,13.45215 , 0.08027
2022-06-25 06:11:09,13.45215 , 0.08117
2022-06-25 06:12:09,13.50098 , 0.08154
2022-06-25 06:13:09,13.47656 , 0.08013
2022-06-25 06:14:09,13.47656 , 0.08309
2022-06-25 06:15:09,13.47656 , 0.07961
2022-06-25 06:16:10,13.54980 , 0.08072
2022-06-25 06:17:10,13.54980 , 0.08546
2022-06-25 06:18:10,13.54980 , 0.08968
2022-06-25 06:19:10,13.52539 , 0.09257
2022-06-25 06:20:10,13.54980 , 0.09116
2022-06-25 06:21:10,13.54980 , 0.09279
2022-06-25 06:22:11,13.57422 , 0.09694
2022-06-25 06:23:11,13.57422 , 0.09672
2022-06-25 06:24:11,13.59863 , 0.09442
2022-06-25 06:25:11,13.62305 , 0.10190
2022-06-25 06:26:11,13.62305 , 0.09968
2022-06-25 06:27:11,13.59863 , 0.10234
2022-06-25 06:28:11,13.59863 , 0.10427
2022-06-25 06:29:12,13.62305 , 0.10619
2022-06-25 06:30:12,13.64746 , 0.11278
2022-06-25 06:31:12,13.64746 , 0.11619
2022-06-25 06:32:12,13.64746 , 0.11930
2022-06-25 06:33:12,13.67187 , 0.11664
2022-06-25 06:34:12,13.67187 , 0.12130
2022-06-25 06:35:13,13.64746 , 0.11894
2022-06-25 06:36:13,13.67187 , 0.11967
2022-06-25 06:37:13,13.67187 , 0.11952
2022-06-25 06:38:13,13.64746 , 0.12500
2022-06-25 06:39:13,13.67187 , 0.12582
2022-06-25 06:40:13,13.62305 , 0.12516
2022-06-25 06:41:13,13.67187 , 0.12486
2022-06-25 06:42:14,13.64746 , 0.12649
2022-06-25 06:43:14,13.69629 , 0.12797
2022-06-25 06:44:14,13.69629 , 0.13137
2022-06-25 06:45:14,13.67187 , 0.13589
2022-06-25 06:46:14,13.67187 , 0.13537
2022-06-25 06:47:14,13.69629 , 0.13634
2022-06-25 06:48:15,13.67187 , 0.13079
2022-06-25 06:49:15,13.69629 , 0.13234
2022-06-25 06:50:15,13.67187 , 0.13397
2022-06-25 06:51:15,13.64746 , 0.13434
2022-06-25 06:52:15,13.72070 , 0.14499
2022-06-25 06:53:15,13.67187 , 0.14190
2022-06-25 06:54:16,13.67187 , 0.14433
2022-06-25 06:55:16,13.69629 , 0.14471
2022-06-25 06:56:16,13.72070 , 0.14374
2022-06-25 06:57:16,13.67187 , 0.14530
2022-06-25 06:58:16,13.69629 , 0.14811
2022-06-25 06:59:16,13.69629 , 0.14922
2022-06-25 07:00:16,13.67187 , 0.15270
2022-06-25 07:01:17,13.74512 , 0.14974
2022-06-25 07:02:17,13.69629 , 0.15780
2022-06-25 07:03:17,13.69629 , 0.15507
2022-06-25 07:04:17,13.74512 , 0.15485
2022-06-25 07:05:17,13.69629 , 0.16114
2022-06-25 07:06:17,13.72070 , 0.15708
2022-06-25 07:07:18,13.69629 , 0.16166
2022-06-25 07:08:18,13.69629 , 0.16277
2022-06-25 07:09:18,13.74512 , 0.16255
2022-06-25 07:10:18,13.69629 , 0.16692
2022-06-25 07:11:18,13.72070 , 0.16448
2022-06-25 07:12:18,13.74512 , 0.16625
2022-06-25 07:13:18,13.76953 , 0.17151
2022-06-25 07:14:19,13.76953 , 0.16981
2022-06-25 07:15:19,13.72070 , 0.17454
2022-06-25 07:16:19,13.74512 , 0.17781
2022-06-25 07:17:19,13.76953 , 0.17737
2022-06-25 07:18:19,13.72070 , 0.18358
2022-06-25 07:19:19,13.74512 , 0.18218
2022-06-25 07:20:20,13.72070 , 0.18573
2022-06-25 07:21:20,13.72070 , 0.18714
2022-06-25 07:22:20,13.79395 , 0.18980
2022-06-25 07:23:20,13.76953 , 0.18833
2022-06-25 07:24:20,13.74512 , 0.19602
2022-06-25 07:25:20,13.79395 , 0.19196
2022-06-25 07:26:20,13.76953 , 0.19395
2022-06-25 07:27:21,13.76953 , 0.19905
2022-06-25 07:28:21,13.79395 , 0.20062
2022-06-25 07:29:21,13.74512 , 0.19936
2022-06-25 07:30:21,13.79395 , 0.21105
2022-06-25 07:31:21,13.81836 , 0.21084
2022-06-25 07:32:21,13.79395 , 0.21742
2022-06-25 07:33:22,13.79395 , 0.22017
2022-06-25 07:34:22,13.76953 , 0.24207
2022-06-25 07:35:22,13.81836 , 0.24431
2022-06-25 07:36:22,13.84277 , 0.27213
2022-06-25 07:37:22,13.81836 , 0.28222
2022-06-25 07:38:22,13.84277 , 0.28837
2022-06-25 07:39:22,13.86719 , 0.31567
2022-06-25 07:40:23,13.89160 , 0.30631
2022-06-25 07:41:23,13.84277 , 0.29417
2022-06-25 07:42:23,13.86719 , 0.30126
2022-06-25 07:43:23,13.86719 , 0.31236
2022-06-25 07:44:23,13.81836 , 0.25592
2022-06-25 07:45:23,13.84277 , 0.23515
2022-06-25 07:46:24,13.81836 , 0.25651
2022-06-25 07:47:24,13.89160 , 0.30536
2022-06-25 07:48:24,13.81836 , 0.26124
2022-06-25 07:49:24,13.84277 , 0.26149
2022-06-25 07:50:24,13.81836 , 0.25838
2022-06-25 07:51:24,13.81836 , 0.25172
2022-06-25 07:52:25,13.84277 , 0.29115
2022-06-25 07:53:25,13.89160 , 0.32019
2022-06-25 07:54:25,13.86719 , 0.31030
2022-06-25 07:55:25,13.89160 , 0.33153
2022-06-25 07:56:25,13.91602 , 0.37868
2022-06-25 07:57:25,13.91602 , 0.32368
2022-06-25 07:58:25,13.96484 , 0.44266
2022-06-25 07:59:26,14.11133 , 0.64675
2022-06-25 08:00:26,14.08691 , 0.62705
2022-06-25 08:01:26,14.03809 , 0.54247
2022-06-25 08:02:26,14.18457 , 0.69693
2022-06-25 08:03:26,14.28223 , 0.87627
2022-06-25 08:04:26,14.28223 , 0.95798
2022-06-25 08:05:27,14.28223 , 0.93935
2022-06-25 08:06:27,14.16016 , 0.69844
2022-06-25 08:07:27,14.08691 , 0.58072
2022-06-25 08:08:27,14.06250 , 0.53370
2022-06-25 08:09:27,13.98926 , 0.45500
2022-06-25 08:10:27,14.08691 , 0.51056
2022-06-25 08:11:27,14.13574 , 0.63949
2022-06-25 08:12:28,14.20898 , 0.86305
2022-06-25 08:13:28,14.23340 , 0.84603
2022-06-25 08:14:28,14.37988 , 1.00523
2022-06-25 08:15:28,14.28223 , 0.90625
2022-06-25 08:16:28,14.50195 , 1.19401
2022-06-25 08:17:28,14.47754 , 1.16493
2022-06-25 08:18:29,14.28223 , 0.83443
2022-06-25 08:19:29,14.18457 , 0.72549
2022-06-25 08:20:29,14.28223 , 0.84027
2022-06-25 08:21:29,14.18457 , 0.66749
2022-06-25 08:22:29,14.11133 , 0.64986
2022-06-25 08:23:29,14.20898 , 0.78205
2022-06-25 08:24:29,14.08691 , 0.54625
2022-06-25 08:25:30,13.98926 , 0.38829
2022-06-25 08:26:30,14.11133 , 0.68628
2022-06-25 08:27:30,14.28223 , 0.82255
2022-06-25 08:28:30,14.33105 , 0.93255
2022-06-25 08:29:30,14.25781 , 0.91957
2022-06-25 08:30:30,14.40430 , 1.09755
2022-06-25 08:31:31,14.23340 , 0.80994
2022-06-25 08:32:31,14.28223 , 0.83444
2022-06-25 08:33:31,14.18457 , 0.71410
2022-06-25 08:34:31,14.28223 , 0.86934
2022-06-25 08:35:31,14.11133 , 0.55359
2022-06-25 08:36:31,13.98926 , 0.33725
2022-06-25 08:37:31,14.01367 , 0.35471
2022-06-25 08:38:32,14.03809 , 0.51335
2022-06-25 08:39:32,14.08691 , 0.49701
2022-06-25 08:40:32,14.25781 , 0.92852
2022-06-25 08:41:32,14.50195 , 1.22614
2022-06-25 08:42:32,14.57520 , 1.29547
2022-06-25 08:43:32,14.67285 , 1.41613
2022-06-25 08:44:33,14.45312 , 1.05359
2022-06-25 08:45:33,14.77051 , 1.62843
2022-06-25 08:46:33,14.35547 , 0.84658
2022-06-25 08:47:33,14.84375 , 1.88080
2022-06-25 08:48:33,14.33105 , 0.86799
2022-06-25 08:49:33,14.37988 , 0.99215
2022-06-25 08:50:33,14.99023 , 1.88428
2022-06-25 08:51:34,15.06348 , 2.04963
2022-06-25 08:52:34,14.81934 , 1.58489
2022-06-25 08:53:34,15.20996 , 2.25522
2022-06-25 08:54:34,14.45312 , 1.37322
2022-06-25 08:55:34,14.77051 , 2.30872
2022-06-25 08:56:34,14.72168 , 2.24137
2022-06-25 08:57:35,14.72168 , 2.18982
2022-06-25 08:58:35,14.77051 , 2.26079
2022-06-25 08:59:35,14.72168 , 2.15114
2022-06-25 09:00:35,14.72168 , 2.11611
2022-06-25 09:01:35,14.77051 , 2.31435
2022-06-25 09:02:35,14.81934 , 2.32831
2022-06-25 09:03:36,14.86816 , 2.46431
2022-06-25 09:04:36,14.84375 , 2.38972
2022-06-25 09:05:36,14.94141 , 2.52999
2022-06-25 09:06:36,14.37988 , 1.66705
2022-06-25 09:07:36,13.91602 , 0.81887
2022-06-25 09:08:36,14.77051 , 2.39895
2022-06-25 09:09:36,14.94141 , 2.58733
2022-06-25 09:10:37,15.11230 , 2.85045
2022-06-25 09:11:37,15.11230 , 2.71126
2022-06-25 09:12:37,15.20996 , 2.91383
2022-06-25 09:13:37,15.25879 , 2.95872
2022-06-25 09:14:37,14.35547 , 1.42142
2022-06-25 09:15:37,14.37988 , 1.32015
2022-06-25 09:16:38,14.55078 , 1.80966
2022-06-25 09:17:38,14.01367 , 0.96402
2022-06-25 09:18:38,14.06250 , 1.17780
2022-06-25 09:19:38,14.52637 , 2.03043
2022-06-25 09:20:38,15.45410 , 3.42614
2022-06-25 09:21:38,15.11230 , 2.72456
2022-06-25 09:22:38,14.33105 , 1.28113
2022-06-25 09:23:39,14.55078 , 1.90987
2022-06-25 09:24:39,14.33105 , 1.50618
2022-06-25 09:25:39,14.18457 , 1.34576
2022-06-25 09:26:39,14.67285 , 2.38135
2022-06-25 09:27:39,15.86914 , 4.18525
2022-06-25 09:28:39,16.04004 , 4.74081
2022-06-25 09:29:40,22.24121 , 0.00000
2022-06-25 09:30:40,14.62402 , 1.81002
2022-06-25 09:31:40,22.04590 , 0.00000
2022-06-25 09:32:40,14.13574 , 0.86579
2022-06-25 09:33:40,13.89160 , 0.66996
2022-06-25 09:34:40,13.79395 , 0.67413
2022-06-25 09:35:40,13.79395 , 0.76306
2022-06-25 09:36:41,13.81836 , 0.83128
2022-06-25 09:37:41,13.81836 , 0.84919
2022-06-25 09:38:41,13.76953 , 0.73926
2022-06-25 09:39:41,13.69629 , 0.62981
2022-06-25 09:40:41,13.64746 , 0.59722
2022-06-25 09:41:41,13.62305 , 0.57588
2022-06-25 09:42:42,13.69629 , 0.68358
2022-06-25 09:43:42,13.62305 , 0.61407
2022-06-25 09:44:42,13.79395 , 0.94507
2022-06-25 09:45:42,13.96484 , 1.28084
2022-06-25 09:46:42,15.47852 , 4.03456
2022-06-25 09:47:42,22.53418 , 2.05548
2022-06-25 09:48:42,15.20996 , 3.23655
2022-06-25 09:49:43,15.55176 , 3.78091
2022-06-25 09:50:43,15.60059 , 3.85151
2022-06-25 09:51:43,14.33105 , 1.25555
2022-06-25 09:52:43,22.24121 , 0.00000
2022-06-25 09:53:43,22.11914 , 0.00000
2022-06-25 09:54:43,22.02149 , 0.00000
2022-06-25 09:55:44,15.72266 , 3.87581
2022-06-25 09:56:44,16.11328 , 5.14836
2022-06-25 09:57:44,15.96680 , 5.11775
2022-06-25 09:58:44,21.89941 , 0.00000
2022-06-25 09:59:44,21.94824 , 0.00000
2022-06-25 10:00:44,16.23535 , 5.00729
2022-06-25 10:01:45,16.13770 , 5.11679
2022-06-25 10:02:45,14.35547 , 1.28168
2022-06-25 10:03:45,16.06445 , 4.83112
2022-06-25 10:04:45,15.01465 , 2.76251
2022-06-25 10:05:45,21.82617 , 0.78054
2022-06-25 10:06:45,15.06348 , 2.94748
2022-06-25 10:07:45,21.99707 , 0.00000
2022-06-25 10:08:46,21.65527 , 0.00000
2022-06-25 10:09:46,15.42969 , 3.56516
2022-06-25 10:10:46,22.14356 , 0.00000
2022-06-25 10:11:46,16.16211 , 5.36086
2022-06-25 10:12:46,16.30859 , 5.02667
2022-06-25 10:13:46,15.50293 , 3.56112
2022-06-25 10:14:47,21.82617 , 0.00000
2022-06-25 10:15:47,14.35547 , 1.37907
2022-06-25 10:16:47,14.23340 , 1.14366
2022-06-25 10:17:47,14.16016 , 1.19580
2022-06-25 10:18:47,14.74609 , 2.60314
2022-06-25 10:19:47,14.23340 , 1.23181
2022-06-25 10:20:47,13.98926 , 1.02884
2022-06-25 10:21:48,14.11133 , 1.29638
2022-06-25 10:22:48,14.06250 , 1.22007
2022-06-25 10:23:48,14.06250 , 1.08513
2022-06-25 10:24:48,14.23340 , 1.32677
2022-06-25 10:25:48,15.28320 , 3.37239
2022-06-25 10:26:48,16.38184 , 5.29479
2022-06-25 10:27:49,14.42871 , 1.62358
2022-06-25 10:28:49,14.06250 , 1.04418
2022-06-25 10:29:49,13.98926 , 1.05233
2022-06-25 10:30:49,14.23340 , 1.36831
2022-06-25 10:31:49,14.28223 , 1.63415
2022-06-25 10:32:49,22.26563 , 0.00000
2022-06-25 10:33:49,13.98926 , 0.71316
2022-06-25 10:34:50,13.89160 , 0.80260
2022-06-25 10:35:50,14.01367 , 1.12688
2022-06-25 10:36:50,22.31445 , 0.00000
2022-06-25 10:37:50,15.52734 , 3.46070
2022-06-25 10:38:50,15.50293 , 3.46308
2022-06-25 10:39:50,22.11914 , 0.00000
2022-06-25 10:40:51,14.57520 , 1.41510
2022-06-25 10:41:51,14.42871 , 1.39117
2022-06-25 10:42:51,14.59961 , 1.92633
2022-06-25 10:43:51,14.28223 , 1.15997
2022-06-25 10:44:51,14.23340 , 0.94451
2022-06-25 10:45:51,14.11133 , 0.81793
2022-06-25 10:46:51,14.01367 , 0.75566
2022-06-25 10:47:52,13.96484 , 0.69774
2022-06-25 10:48:52,13.94043 , 0.57354
2022-06-25 10:49:52,13.89160 , 0.45423
2022-06-25 10:50:52,13.79395 , 0.35483
2022-06-25 10:51:52,13.79395 , 0.34186
2022-06-25 10:52:52,13.74512 , 0.36707
2022-06-25 10:53:53,13.86719 , 0.43575
2022-06-25 10:54:53,13.74512 , 0.50277
2022-06-25 10:55:53,13.98926 , 0.55722
2022-06-25 10:56:53,13.94043 , 0.65633
2022-06-25 10:57:53,13.86719 , 0.82659
2022-06-25 10:58:53,13.96484 , 1.03813
2022-06-25 10:59:53,14.11133 , 1.10492
2022-06-25 11:00:54,14.16016 , 1.31532
2022-06-25 11:01:54,14.30664 , 1.62396
2022-06-25 11:02:54,15.08789 , 2.93878
2022-06-25 11:03:54,15.38086 , 3.53424
2022-06-25 11:04:54,16.87012 , 6.12651
2022-06-25 11:05:54,22.75391 , 0.85196
2022-06-25 11:06:55,22.68066 , 0.00000
2022-06-25 11:07:55,22.41211 , 0.00000
2022-06-25 11:08:55,16.65039 , 5.67842
2022-06-25 11:09:55,22.26563 , 0.00000
2022-06-25 11:10:55,22.21680 , 0.00000
2022-06-25 11:11:55,22.07031 , 0.00000
2022-06-25 11:12:55,16.35742 , 5.64061
2022-06-25 11:13:56,21.92383 , 0.00000
2022-06-25 11:14:56,16.52832 , 3.77878
2022-06-25 11:15:56,16.47949 , 5.49724
2022-06-25 11:16:56,16.45508 , 5.42209
2022-06-25 11:17:56,21.67969 , 0.00000
2022-06-25 11:18:56,21.67969 , 0.00000
2022-06-25 11:19:57,21.60645 , 0.00000
2022-06-25 11:20:57,16.57715 , 5.04343
2022-06-25 11:21:57,21.55762 , 0.00000
2022-06-25 11:22:57,21.48438 , 0.50752
2022-06-25 11:23:57,16.01563 , 1.51411
2022-06-25 11:24:57,15.96680 , 4.31185
2022-06-25 11:25:58,21.77734 , 0.00000
2022-06-25 11:26:58,16.30859 , 5.39448
2022-06-25 11:27:58,21.70410 , 0.00000
2022-06-25 11:28:58,16.43066 , 5.28335
2022-06-25 11:29:58,21.63086 , 0.00000
2022-06-25 11:30:58,21.60645 , 0.00000
2022-06-25 11:31:58,16.57715 , 5.13709
2022-06-25 11:32:59,21.63086 , 0.00000
2022-06-25 11:33:59,21.70410 , 0.00000
2022-06-25 11:34:59,16.45508 , 5.26833
2022-06-25 11:35:59,21.60645 , 0.00000
2022-06-25 11:36:59,16.50391 , 5.23260
2022-06-25 11:37:59,21.70410 , 0.00000
2022-06-25 11:39:00,16.55274 , 5.27226
2022-06-25 11:40:00,21.67969 , 0.00000
2022-06-25 11:41:00,21.67969 , 0.00000
2022-06-25 11:42:00,16.55274 , 5.32944
2022-06-25 11:43:00,16.82129 , 5.21988
2022-06-25 11:44:00,21.60645 , 0.00000
2022-06-25 11:45:00,21.72852 , 0.00000
2022-06-25 11:46:01,16.38184 , 4.72241
2022-06-25 11:47:01,14.67285 , 1.67730
2022-06-25 11:48:01,15.84473 , 4.05611
2022-06-25 11:49:01,15.08789 , 2.42119
2022-06-25 11:50:01,14.84375 , 1.94193
2022-06-25 11:51:01,14.84375 , 1.98888
2022-06-25 11:52:02,14.91699 , 2.17492
2022-06-25 11:53:02,22.19238 , 0.00000
2022-06-25 11:54:02,14.89258 , 2.12003
2022-06-25 11:55:02,14.67285 , 1.76563
2022-06-25 11:56:02,14.64844 , 1.78406
2022-06-25 11:57:02,14.62402 , 1.76152
2022-06-25 11:58:02,14.74609 , 1.88697
2022-06-25 11:59:03,17.13867 , 6.16533
2022-06-25 12:00:03,22.33887 , 0.00000
2022-06-25 12:01:03,15.11230 , 2.31549
2022-06-25 12:02:03,14.81934 , 1.71574
2022-06-25 12:03:03,14.55078 , 1.41573
2022-06-25 12:04:03,17.13867 , 6.04183
2022-06-25 12:05:04,14.55078 , 1.45912
2022-06-25 12:06:04,14.50195 , 1.26811
2022-06-25 12:07:04,14.25781 , 0.85243
2022-06-25 12:08:04,14.25781 , 1.00893
2022-06-25 12:09:04,15.13672 , 2.90406
2022-06-25 12:10:04,22.41211 , 0.00000
2022-06-25 12:11:04,22.36328 , 0.00000
2022-06-25 12:12:05,15.16113 , 2.62008
2022-06-25 12:13:05,15.08789 , 2.54449
2022-06-25 12:14:05,14.45312 , 1.13765
2022-06-25 12:15:05,14.37988 , 0.98022
2022-06-25 12:16:05,14.30664 , 1.03000
2022-06-25 12:17:05,14.33105 , 1.29823
2022-06-25 12:18:06,14.64844 , 1.96656
2022-06-25 12:19:06,14.42871 , 1.41909
2022-06-25 12:20:06,14.20898 , 0.83631
2022-06-25 12:21:06,14.06250 , 0.61082
2022-06-25 12:22:06,13.98926 , 0.56162
2022-06-25 12:23:06,14.03809 , 0.64517
2022-06-25 12:24:07,14.08691 , 0.87215
2022-06-25 12:25:07,14.28223 , 1.32345
2022-06-25 12:26:07,14.64844 , 2.16360
2022-06-25 12:27:07,15.55176 , 3.64888
2022-06-25 12:28:07,15.79590 , 4.03374
2022-06-25 12:29:07,15.18555 , 2.62618
2022-06-25 12:30:07,15.01465 , 2.24946
2022-06-25 12:31:08,22.90039 , 0.00000
2022-06-25 12:32:08,15.67383 , 3.56157
2022-06-25 12:33:08,15.42969 , 3.12775
2022-06-25 12:34:08,14.69727 , 1.73756
2022-06-25 12:35:08,15.33203 , 2.96420
2022-06-25 12:36:08,15.06348 , 2.32304
2022-06-25 12:37:09,22.07031 , 0.00000
2022-06-25 12:38:09,15.52734 , 3.11716
2022-06-25 12:39:09,15.06348 , 2.26194
2022-06-25 12:40:09,22.58301 , 0.00000
2022-06-25 12:41:09,16.30859 , 4.88163
2022-06-25 12:42:09,22.38770 , 0.00000
2022-06-25 12:43:09,16.99219 , 5.60747
2022-06-25 12:44:10,16.87012 , 5.59502
2022-06-25 12:45:10,22.02149 , 0.00000
2022-06-25 12:46:10,21.89941 , 1.57803
2022-06-25 12:47:10,16.69922 , 5.43215
2022-06-25 12:48:10,21.82617 , 0.00000
2022-06-25 12:49:10,21.77734 , 0.00000
2022-06-25 12:50:11,16.62598 , 5.41644
2022-06-25 12:51:11,21.72852 , 0.00000
2022-06-25 12:52:11,21.65527 , 0.00000
2022-06-25 12:53:11,16.82129 , 5.19857
2022-06-25 12:54:11,21.63086 , 0.00000
2022-06-25 12:55:11,16.60156 , 5.31731
2022-06-25 12:56:11,21.58203 , 0.00000
2022-06-25 12:57:12,21.50879 , 0.00000
2022-06-25 12:58:12,16.23535 , 5.51195
2022-06-25 12:59:12,16.50391 , 5.30625
2022-06-25 13:00:12,21.48438 , 0.00000
2022-06-25 13:01:12,21.45996 , 0.00000
2022-06-25 13:02:12,16.45508 , 5.33801
2022-06-25 13:03:13,16.67481 , 0.16181
2022-06-25 13:04:13,21.50879 , 0.00000
2022-06-25 13:05:13,21.45996 , 0.00000
2022-06-25 13:06:13,16.55274 , 5.18236
2022-06-25 13:07:13,21.43555 , 0.00000
2022-06-25 13:08:13,16.60156 , 5.18577
2022-06-25 13:09:13,21.45996 , 0.00000
2022-06-25 13:10:14,16.65039 , 5.18792
2022-06-25 13:11:14,21.53320 , 0.00000
2022-06-25 13:12:14,21.55762 , 0.00000
2022-06-25 13:13:14,21.48438 , 0.00000
2022-06-25 13:14:14,16.23535 , 5.56174
2022-06-25 13:15:14,14.45312 , 0.97096
2022-06-25 13:16:15,16.01563 , 4.33528
2022-06-25 13:17:15,21.58203 , 0.00000
2022-06-25 13:18:15,21.63086 , 0.00000
2022-06-25 13:19:15,21.58203 , 0.00000
2022-06-25 13:20:15,14.74609 , 1.57278
2022-06-25 13:21:15,14.57520 , 1.32015
2022-06-25 13:22:16,21.89941 , 0.00000
2022-06-25 13:23:16,21.85059 , 0.00000
2022-06-25 13:24:16,14.91699 , 1.95387
2022-06-25 13:25:16,14.72168 , 1.57503
2022-06-25 13:26:16,22.02149 , 0.00000
2022-06-25 13:27:16,14.52637 , 1.20272
2022-06-25 13:28:16,14.37988 , 1.05959
2022-06-25 13:29:17,14.35547 , 0.99723
2022-06-25 13:30:17,14.25781 , 0.86333
2022-06-25 13:31:17,14.20898 , 0.73632
2022-06-25 13:32:17,14.25781 , 1.01192
2022-06-25 13:33:17,14.64844 , 1.82726
2022-06-25 13:34:17,22.41211 , 0.00000
2022-06-25 13:35:18,22.24121 , 1.35957
2022-06-25 13:36:18,22.09473 , 0.00000
2022-06-25 13:37:18,21.99707 , 0.00000
2022-06-25 13:38:18,16.94336 , 1.20021
2022-06-25 13:39:18,14.37988 , 1.00055
2022-06-25 13:40:18,14.37988 , 1.17406
2022-06-25 13:41:18,14.23340 , 0.92847
2022-06-25 13:42:19,14.13574 , 0.85335
2022-06-25 13:43:19,14.08691 , 0.68460
2022-06-25 13:44:19,14.06250 , 0.59986
2022-06-25 13:45:19,14.06250 , 0.75795
2022-06-25 13:46:19,14.08691 , 0.83557
2022-06-25 13:47:19,14.11133 , 0.79770
2022-06-25 13:48:20,14.16016 , 0.85366
2022-06-25 13:49:20,14.23340 , 1.09061
2022-06-25 13:50:20,14.06250 , 0.62195
2022-06-25 13:51:20,13.94043 , 0.56754
2022-06-25 13:52:20,14.03809 , 0.67173
2022-06-25 13:53:20,14.13574 , 0.98789
2022-06-25 13:54:20,22.72949 , 0.00000
2022-06-25 13:55:21,14.40430 , 1.25740
2022-06-25 13:56:21,14.30664 , 1.40899
2022-06-25 13:57:21,14.62402 , 1.64048
2022-06-25 13:58:21,14.23340 , 1.09347
2022-06-25 13:59:21,14.20898 , 1.20944
2022-06-25 14:00:21,22.70508 , 0.00000
2022-06-25 14:01:22,22.43652 , 0.00000
2022-06-25 14:02:22,22.29004 , 0.00000
2022-06-25 14:03:22,22.16797 , 1.18371
2022-06-25 14:04:22,22.07031 , 3.37521
2022-06-25 14:05:22,21.92383 , 0.00000
2022-06-25 14:06:22,16.11328 , 4.60346
2022-06-25 14:07:22,14.77051 , 1.66047
2022-06-25 14:08:23,14.50195 , 1.22488
2022-06-25 14:09:23,14.52637 , 1.46843
2022-06-25 14:10:23,22.11914 , 0.00000
2022-06-25 14:11:23,14.81934 , 1.83002
2022-06-25 14:12:23,15.57617 , 3.70049
2022-06-25 14:13:23,15.23437 , 2.90069
2022-06-25 14:14:24,14.74609 , 1.71344
2022-06-25 14:15:24,15.23437 , 2.81895
2022-06-25 14:16:24,22.19238 , 0.00000
2022-06-25 14:17:24,16.74805 , 5.64372
2022-06-25 14:18:24,21.85059 , 0.00000
2022-06-25 14:19:24,21.77734 , 0.00000
2022-06-25 14:20:24,16.60156 , 5.16535
2022-06-25 14:21:25,21.55762 , 0.00000
2022-06-25 14:22:25,16.43066 , 5.15010
2022-06-25 14:23:25,16.50391 , 5.27814
2022-06-25 14:24:25,16.38184 , 5.26266
2022-06-25 14:25:25,16.67481 , 2.38637
2022-06-25 14:26:25,21.43555 , 0.00000
2022-06-25 14:27:26,21.45996 , 0.00000
2022-06-25 14:28:26,21.36231 , 0.00000
2022-06-25 14:29:26,21.33789 , 0.00000
2022-06-25 14:30:26,16.33301 , 4.98682
2022-06-25 14:31:26,21.28906 , 0.00000
2022-06-25 14:32:26,21.31348 , 0.00000
2022-06-25 14:33:26,16.21094 , 5.02367
2022-06-25 14:34:27,16.35742 , 4.89834
2022-06-25 14:35:27,16.13770 , 5.04729
2022-06-25 14:36:27,21.31348 , 0.00000
2022-06-25 14:37:27,21.24024 , 0.00000
2022-06-25 14:38:27,16.38184 , 4.86357
2022-06-25 14:39:27,16.11328 , 5.00287
2022-06-25 14:40:28,16.30859 , 4.87073
2022-06-25 14:41:28,21.16699 , 0.00000
2022-06-25 14:42:28,21.24024 , 1.63951
2022-06-25 14:43:28,15.33203 , 3.11221
2022-06-25 14:44:28,16.23535 , 4.72612
2022-06-25 14:45:28,14.47754 , 1.28780
2022-06-25 14:46:28,14.42871 , 1.14838
2022-06-25 14:47:29,14.37988 , 1.30678
2022-06-25 14:48:29,21.72852 , 0.00000
2022-06-25 14:49:29,21.67969 , 0.00000
2022-06-25 14:50:29,14.74609 , 1.57470
2022-06-25 14:51:29,14.74609 , 1.58020
2022-06-25 14:52:29,14.40430 , 1.15289
2022-06-25 14:53:30,14.33105 , 1.13315
2022-06-25 14:54:30,14.57520 , 1.45687
2022-06-25 14:55:30,14.57520 , 1.46549
2022-06-25 14:56:30,14.79492 , 2.09745
2022-06-25 14:57:30,16.33301 , 5.00950
2022-06-25 14:58:30,16.87012 , 5.47021
2022-06-25 14:59:31,15.45410 , 3.57199
2022-06-25 15:00:31,15.16113 , 2.50816
2022-06-25 15:01:31,16.60156 , 5.35200
2022-06-25 15:02:31,21.89941 , 0.00000
2022-06-25 15:03:31,21.82617 , 0.00000
2022-06-25 15:04:31,21.72852 , 0.00000
2022-06-25 15:05:31,16.52832 , 5.29082
2022-06-25 15:06:32,16.55274 , 5.13254
2022-06-25 15:07:32,21.28906 , 0.00000
2022-06-25 15:08:32,16.60156 , 4.79499
2022-06-25 15:09:32,15.33203 , 2.75448
2022-06-25 15:10:32,16.43066 , 5.07651
2022-06-25 15:11:32,21.48438 , 0.00000
2022-06-25 15:12:33,16.40625 , 5.01835
2022-06-25 15:13:33,14.35547 , 1.12303
2022-06-25 15:14:33,16.38184 , 5.18778
2022-06-25 15:15:33,21.58203 , 0.00000
2022-06-25 15:16:33,14.55078 , 1.20842
2022-06-25 15:17:33,14.69727 , 1.63421
2022-06-25 15:18:33,14.11133 , 0.60977
2022-06-25 15:19:34,14.08691 , 0.51123
2022-06-25 15:20:34,14.11133 , 0.52445
2022-06-25 15:21:34,14.06250 , 0.63166
2022-06-25 15:22:34,14.03809 , 0.83715
2022-06-25 15:23:34,14.45312 , 1.61142
2022-06-25 15:24:34,22.16797 , 0.00000
2022-06-25 15:25:35,21.99707 , 0.00000
2022-06-25 15:26:35,14.86816 , 2.05988
2022-06-25 15:27:35,16.50391 , 5.16068
2022-06-25 15:28:35,16.33301 , 5.27186
2022-06-25 15:29:35,21.41113 , 0.00000
2022-06-25 15:30:35,21.75293 , 0.00000
2022-06-25 15:31:35,21.67969 , 0.00000
2022-06-25 15:32:36,16.65039 , 5.06480
2022-06-25 15:33:36,16.28418 , 5.36617
2022-06-25 15:34:36,21.55762 , 0.00000
2022-06-25 15:35:36,21.50879 , 0.00000
2022-06-25 15:36:36,21.70410 , 0.00000
2022-06-25 15:37:36,14.96582 , 2.00387
2022-06-25 15:38:37,21.85059 , 0.00000
2022-06-25 15:39:37,21.82617 , 0.00000
2022-06-25 15:40:37,16.40625 , 4.94185
2022-06-25 15:41:37,14.37988 , 0.82770
2022-06-25 15:42:37,14.03809 , 0.64336
2022-06-25 15:43:37,13.96484 , 0.49470
2022-06-25 15:44:37,14.18457 , 0.37818
2022-06-25 15:45:38,13.98926 , 0.34647
2022-06-25 15:46:38,13.91602 , 0.36989
2022-06-25 15:47:38,14.01367 , 0.46971
2022-06-25 15:48:38,14.01367 , 0.57361
2022-06-25 15:49:38,15.01465 , 3.20126
2022-06-25 15:50:38,14.16016 , 0.97451
2022-06-25 15:51:39,14.01367 , 0.88366
2022-06-25 15:52:39,22.29004 , 0.00000
2022-06-25 15:53:39,22.21680 , 0.00000
2022-06-25 15:54:39,16.13770 , 4.92898
2022-06-25 15:55:39,16.38184 , 4.90039
2022-06-25 15:56:39,15.67383 , 3.79470
2022-06-25 15:57:39,22.07031 , 0.00000
2022-06-25 15:58:40,21.92383 , 0.00000
2022-06-25 15:59:40,21.85059 , 0.00000
2022-06-25 16:00:40,21.77734 , 0.00000
2022-06-25 16:01:40,21.75293 , 0.00000
2022-06-25 16:02:40,16.23535 , 4.68371
2022-06-25 16:03:40,21.65527 , 0.00000
2022-06-25 16:04:41,14.74609 , 1.39145
2022-06-25 16:05:41,15.03906 , 2.24896
2022-06-25 16:06:41,16.40625 , 4.70543
2022-06-25 16:07:41,15.20996 , 2.49738
2022-06-25 16:08:41,15.40527 , 3.48557
2022-06-25 16:09:41,21.60645 , 0.00000
2022-06-25 16:10:42,14.50195 , 0.88949
2022-06-25 16:11:42,14.20898 , 0.81336
2022-06-25 16:12:42,14.11133 , 0.79864
2022-06-25 16:13:42,14.08691 , 0.71902
2022-06-25 16:14:42,14.08691 , 0.79603
2022-06-25 16:15:42,14.18457 , 1.09055
2022-06-25 16:16:42,14.74609 , 1.96457
2022-06-25 16:17:43,14.47754 , 1.43833
2022-06-25 16:18:43,15.67383 , 4.14391
2022-06-25 16:19:43,21.94824 , 0.00000
2022-06-25 16:20:43,15.35645 , 3.12744
2022-06-25 16:21:43,15.23437 , 2.65501
2022-06-25 16:22:43,14.28223 , 1.07184
2022-06-25 16:23:44,14.13574 , 0.91357
2022-06-25 16:24:44,13.94043 , 0.77669
2022-06-25 16:25:44,13.96484 , 0.84380
2022-06-25 16:26:44,14.03809 , 0.98695
2022-06-25 16:27:44,14.20898 , 1.22776
2022-06-25 16:28:44,14.23340 , 1.32144
2022-06-25 16:29:44,15.74707 , 4.19824
2022-06-25 16:30:45,14.13574 , 0.93866
2022-06-25 16:31:45,13.94043 , 0.80964
2022-06-25 16:32:45,13.86719 , 0.69365
2022-06-25 16:33:45,14.28223 , 0.82012
2022-06-25 16:34:45,14.74609 , 1.11551
2022-06-25 16:35:45,15.25879 , 1.79740
2022-06-25 16:36:46,14.86816 , 1.14756
2022-06-25 16:37:46,14.96582 , 1.01552
2022-06-25 16:38:46,15.03906 , 1.22445
2022-06-25 16:39:46,21.94824 , 0.00000
2022-06-25 16:40:46,21.85059 , 0.00000
2022-06-25 16:41:46,21.75293 , 0.00000
2022-06-25 16:42:47,21.67969 , 0.00000
2022-06-25 16:43:47,21.60645 , 0.00000
2022-06-25 16:44:47,14.77051 , 1.13658
2022-06-25 16:45:47,14.50195 , 1.05745
2022-06-25 16:46:47,15.47852 , 3.54095
2022-06-25 16:47:47,15.79590 , 3.46560
2022-06-25 16:48:47,15.89355 , 3.63110
2022-06-25 16:49:48,15.89355 , 3.65383
2022-06-25 16:50:48,15.62500 , 3.52157
2022-06-25 16:51:48,14.69727 , 1.21683
2022-06-25 16:52:48,15.82031 , 3.40276
2022-06-25 16:53:48,14.59961 , 0.88690
2022-06-25 16:54:48,14.47754 , 0.98189
2022-06-25 16:55:49,14.30664 , 0.69864
2022-06-25 16:56:49,14.40430 , 0.68732
2022-06-25 16:57:49,15.33203 , 2.75319
2022-06-25 16:58:49,15.20996 , 2.65205
2022-06-25 16:59:49,15.42969 , 2.62495
2022-06-25 17:00:49,15.62500 , 2.58305
2022-06-25 17:01:49,15.60059 , 2.54971
2022-06-25 17:02:50,15.62500 , 2.51705
2022-06-25 17:03:50,15.64941 , 2.53625
2022-06-25 17:04:50,15.60059 , 2.57030
2022-06-25 17:05:50,15.67383 , 2.59705
2022-06-25 17:06:50,15.67383 , 2.63251
2022-06-25 17:07:50,15.74707 , 2.70290
2022-06-25 17:08:51,15.77148 , 2.64357
2022-06-25 17:09:51,15.74707 , 2.52698
2022-06-25 17:10:51,15.69824 , 2.47086
2022-06-25 17:11:51,15.72266 , 2.58208
2022-06-25 17:12:51,15.79590 , 2.72712
2022-06-25 17:13:51,15.52734 , 2.92605
2022-06-25 17:14:51,15.69824 , 2.97131
2022-06-25 17:15:52,21.53320 , 0.00000
2022-06-25 17:16:52,15.67383 , 2.84498
2022-06-25 17:17:52,15.60059 , 2.68299
2022-06-25 17:18:52,15.38086 , 2.35731
2022-06-25 17:19:52,15.13672 , 1.99277
2022-06-25 17:20:52,14.25781 , 0.73826
2022-06-25 17:21:53,14.23340 , 0.70194
2022-06-25 17:22:53,14.01367 , 0.50955
2022-06-25 17:23:53,13.98926 , 0.58060
2022-06-25 17:24:53,14.03809 , 0.65569
2022-06-25 17:25:53,14.06250 , 0.75727
2022-06-25 17:26:53,14.20898 , 0.80413
2022-06-25 17:27:54,14.11133 , 0.90768
2022-06-25 17:28:54,14.33105 , 1.20253
2022-06-25 17:29:54,14.13574 , 0.96371
2022-06-25 17:30:54,14.20898 , 0.97560
2022-06-25 17:31:54,14.18457 , 1.08681
2022-06-25 17:32:54,14.11133 , 0.95671
2022-06-25 17:33:54,14.01367 , 0.80913
2022-06-25 17:34:55,14.11133 , 0.77599
2022-06-25 17:35:55,13.89160 , 0.64324
2022-06-25 17:36:55,13.89160 , 0.61980
2022-06-25 17:37:55,14.01367 , 0.70626
2022-06-25 17:38:55,13.96484 , 0.76117
2022-06-25 17:39:55,13.96484 , 0.73503
2022-06-25 17:40:56,13.91602 , 0.68078
2022-06-25 17:41:56,13.86719 , 0.62975
2022-06-25 17:42:56,13.86719 , 0.62282
2022-06-25 17:43:56,13.84277 , 0.63850
2022-06-25 17:44:56,13.96484 , 0.64347
2022-06-25 17:45:56,13.86719 , 0.64369
2022-06-25 17:46:56,13.86719 , 0.67632
2022-06-25 17:47:57,13.91602 , 0.73850
2022-06-25 17:48:57,13.98926 , 0.79324
2022-06-25 17:49:57,13.94043 , 0.84596
2022-06-25 17:50:57,13.98926 , 0.88834
2022-06-25 17:51:57,13.96484 , 0.77444
2022-06-25 17:52:57,13.89160 , 0.77448
2022-06-25 17:53:58,13.91602 , 0.82124
2022-06-25 17:54:58,13.98926 , 0.87891
2022-06-25 17:55:58,13.94043 , 0.93253
2022-06-25 17:56:58,14.08691 , 1.04267
2022-06-25 17:57:58,14.01367 , 0.98131
2022-06-25 17:58:58,13.96484 , 0.91828
2022-06-25 17:59:58,14.03809 , 1.03741
2022-06-25 18:00:59,14.01367 , 0.88800
2022-06-25 18:01:59,13.98926 , 0.88608
2022-06-25 18:02:59,14.01367 , 0.86226
2022-06-25 18:03:59,13.96484 , 0.82517
2022-06-25 18:04:59,13.89160 , 0.89542
2022-06-25 18:05:59,13.89160 , 0.85746
2022-06-25 18:07:00,13.86719 , 0.84211
2022-06-25 18:08:00,13.81836 , 0.78379
2022-06-25 18:09:00,13.96484 , 0.73431
2022-06-25 18:10:00,13.79395 , 0.72960
2022-06-25 18:11:00,13.79395 , 0.72168
2022-06-25 18:12:00,13.76953 , 0.72589
2022-06-25 18:13:01,13.96484 , 0.46274
2022-06-25 18:14:01,14.08691 , 0.45220
2022-06-25 18:15:01,14.28223 , 0.44456
2022-06-25 18:16:01,14.20898 , 0.48976
2022-06-25 18:17:01,14.30664 , 0.55713
2022-06-25 18:18:01,14.23340 , 0.42995
2022-06-25 18:19:01,14.23340 , 0.34489
2022-06-25 18:20:02,14.18457 , 0.30678
2022-06-25 18:21:02,14.25781 , 0.36090
2022-06-25 18:22:02,14.25781 , 0.42539
2022-06-25 18:23:02,14.37988 , 0.50121
2022-06-25 18:24:02,14.42871 , 0.56277
2022-06-25 18:25:02,14.45312 , 0.59604
2022-06-25 18:26:03,14.45312 , 0.60118
2022-06-25 18:27:03,14.52637 , 0.61961
2022-06-25 18:28:03,14.55078 , 0.65906
2022-06-25 18:29:03,14.47754 , 0.52726
2022-06-25 18:30:03,14.45312 , 0.48163
2022-06-25 18:31:03,14.42871 , 0.46701
2022-06-25 18:32:03,14.50195 , 0.45154
2022-06-25 18:33:04,14.42871 , 0.44064
2022-06-25 18:34:04,14.50195 , 0.58112
2022-06-25 18:35:04,14.59961 , 0.67922
2022-06-25 18:36:04,14.64844 , 0.70299
2022-06-25 18:37:04,14.55078 , 0.55039
2022-06-25 18:38:04,14.50195 , 0.50636
2022-06-25 18:39:05,14.47754 , 0.41140
2022-06-25 18:40:05,14.45312 , 0.41478
2022-06-25 18:41:05,14.47754 , 0.42603
2022-06-25 18:42:05,14.47754 , 0.44987
2022-06-25 18:43:05,14.47754 , 0.48903
2022-06-25 18:44:05,14.67285 , 0.48559
2022-06-25 18:45:05,14.62402 , 0.54765
2022-06-25 18:46:06,14.52637 , 0.56747
2022-06-25 18:47:06,14.64844 , 0.65339
2022-06-25 18:48:06,14.72168 , 0.68669
2022-06-25 18:49:06,14.67285 , 0.65957
2022-06-25 18:50:06,14.64844 , 0.58630
2022-06-25 18:51:06,14.55078 , 0.46771
2022-06-25 18:52:07,14.50195 , 0.39612
2022-06-25 18:53:07,14.42871 , 0.32481
2022-06-25 18:54:07,14.57520 , 0.31793
2022-06-25 18:55:07,14.30664 , 0.28966
2022-06-25 18:56:07,14.40430 , 0.29163
2022-06-25 18:57:07,14.40430 , 0.31072
2022-06-25 18:58:08,14.40430 , 0.32509
2022-06-25 18:59:08,14.55078 , 0.28967
2022-06-25 19:00:08,14.35547 , 0.30236
2022-06-25 19:01:08,14.47754 , 0.36622
2022-06-25 19:02:08,14.55078 , 0.52616
2022-06-25 19:03:08,14.55078 , 0.44878
2022-06-25 19:04:08,14.59961 , 0.54074
2022-06-25 19:05:09,14.50195 , 0.39649
2022-06-25 19:06:09,14.42871 , 0.31304
2022-06-25 19:07:09,14.40430 , 0.28655
2022-06-25 19:08:09,14.50195 , 0.31930
2022-06-25 19:09:09,14.37988 , 0.24224
2022-06-25 19:10:09,14.33105 , 0.13800
2022-06-25 19:11:10,14.25781 , 0.09269
2022-06-25 19:12:10,14.35547 , 0.10367
2022-06-25 19:13:10,14.25781 , 0.12402
2022-06-25 19:14:10,14.28223 , 0.15741
2022-06-25 19:15:10,14.42871 , 0.14782
2022-06-25 19:16:10,14.40430 , 0.09189
2022-06-25 19:17:10,14.42871 , 0.05099
2022-06-25 19:18:11,14.52637 , 0.04059
2022-06-25 19:19:11,14.42871 , 0.04754
2022-06-25 19:20:11,14.30664 , 0.04355
2022-06-25 19:21:11,14.33105 , 0.06596
2022-06-25 19:22:11,14.42871 , 0.10616
2022-06-25 19:23:11,14.52637 , 0.15695
2022-06-25 19:24:12,14.55078 , 0.20479
2022-06-25 19:25:12,14.47754 , 0.24006
2022-06-25 19:26:12,14.35547 , 0.29565
2022-06-25 19:27:12,14.37988 , 0.36222
2022-06-25 19:28:12,14.62402 , 0.37715
2022-06-25 19:29:12,14.62402 , 0.38553
2022-06-25 19:30:12,14.72168 , 0.36548
2022-06-25 19:31:13,14.62402 , 0.34949
2022-06-25 19:32:13,14.59961 , 0.35021
2022-06-25 19:33:13,14.55078 , 0.25470
2022-06-25 19:34:13,14.40430 , 0.22768
2022-06-25 19:35:13,14.45312 , 0.24578
2022-06-25 19:36:13,14.45312 , 0.24712
2022-06-25 19:37:14,14.42871 , 0.23373
2022-06-25 19:38:14,14.35547 , 0.18889
2022-06-25 19:39:14,14.59961 , 0.29604
2022-06-25 19:40:14,14.50195 , 0.12755
2022-06-25 19:41:14,14.50195 , 0.15615
2022-06-25 19:42:14,14.18457 , 0.07539
2022-06-25 19:43:14,14.30664 , 0.00584
2022-06-25 19:44:15,14.25781 , 0.00000
2022-06-25 19:45:15,14.28223 , 0.00000
2022-06-25 19:46:15,14.35547 , 0.00000
2022-06-25 19:47:15,14.25781 , 0.00000
2022-06-25 19:48:15,14.25781 , 0.00000
2022-06-25 19:49:15,14.25781 , 0.00000
2022-06-25 19:50:16,14.20898 , 0.00000
2022-06-25 19:51:16,14.20898 , 0.00000
2022-06-25 19:52:16,14.20898 , 0.00000
2022-06-25 19:53:16,14.23340 , 0.00000
2022-06-25 19:54:16,14.33105 , 0.01537
2022-06-25 19:55:16,14.35547 , 0.04470
2022-06-25 19:56:17,14.40430 , 0.07698
2022-06-25 19:57:17,14.45312 , 0.10025
2022-06-25 19:58:17,14.42871 , 0.13142
2022-06-25 19:59:17,14.47754 , 0.14928
2022-06-25 20:00:17,14.37988 , 0.18000
2022-06-25 20:01:17,14.28223 , 0.19038
2022-06-25 20:02:17,14.30664 , 0.16961
2022-06-25 20:03:18,14.33105 , 0.15923
2022-06-25 20:04:18,14.37988 , 0.16151
2022-06-25 20:05:18,14.40430 , 0.16625
2022-06-25 20:06:18,14.37988 , 0.16707
2022-06-25 20:07:18,14.45312 , 0.16677
2022-06-25 20:08:18,14.28223 , 0.14110
2022-06-25 20:09:19,14.28223 , 0.10727
2022-06-25 20:10:19,14.40430 , 0.09273
2022-06-25 20:11:19,14.42871 , 0.08244
2022-06-25 20:12:19,14.42871 , 0.07280
2022-06-25 20:13:19,14.28223 , 0.15063
2022-06-25 20:14:19,14.25781 , 0.18163
2022-06-25 20:15:19,14.33105 , 0.11079
2022-06-25 20:16:20,14.35547 , 0.10909
2022-06-25 20:17:20,14.23340 , 0.07846
2022-06-25 20:18:20,14.28223 , 0.03744
2022-06-25 20:19:20,14.33105 , 0.00000
2022-06-25 20:20:20,14.57520 , 0.00000
2022-06-25 20:21:20,14.52637 , 0.00000
2022-06-25 20:22:21,14.50195 , 0.00000
2022-06-25 20:23:21,14.40430 , 0.00000
2022-06-25 20:24:21,14.13574 , 0.00000
2022-06-25 20:25:21,14.13574 , 0.00000
2022-06-25 20:26:21,14.28223 , 0.00000
2022-06-25 20:27:21,14.23340 , 0.00000
2022-06-25 20:28:21,14.28223 , 0.00000
2022-06-25 20:29:22,14.23340 , 0.00000
2022-06-25 20:30:22,14.20898 , 0.00000
2022-06-25 20:31:22,14.25781 , 0.00000
2022-06-25 20:32:22,14.28223 , 0.00000
2022-06-25 20:33:22,14.28223 , 0.00000
2022-06-25 20:34:22,14.25781 , 0.00000
2022-06-25 20:35:23,14.23340 , 0.00000
2022-06-25 20:36:23,14.25781 , 0.00000
2022-06-25 20:37:23,14.28223 , 0.00000
2022-06-25 20:38:23,14.28223 , 0.00000
2022-06-25 20:39:23,14.25781 , 0.00000
2022-06-25 20:40:23,14.20898 , 0.00000
2022-06-25 20:41:24,14.18457 , 0.00000
2022-06-25 20:42:24,14.18457 , 0.00000
2022-06-25 20:43:24,14.08691 , 0.00000
2022-06-25 20:44:24,14.06250 , 0.00000
2022-06-25 20:45:24,14.06250 , 0.00000
2022-06-25 20:46:24,14.01367 , 0.00000
2022-06-25 20:47:24,13.96484 , 0.00000
2022-06-25 20:48:25,13.94043 , 0.00000
2022-06-25 20:49:25,13.89160 , 0.00000
2022-06-25 20:50:25,13.86719 , 0.00000
2022-06-25 20:51:25,13.84277 , 0.00000
2022-06-25 20:52:25,13.84277 , 0.00000
2022-06-25 20:53:25,13.84277 , 0.00000
2022-06-25 20:54:26,13.81836 , 0.00000
2022-06-25 20:55:26,13.79395 , 0.00000
2022-06-25 20:56:26,13.79395 , 0.00000
2022-06-25 20:57:26,13.79395 , 0.00000
2022-06-25 20:58:26,13.76953 , 0.00000
2022-06-25 20:59:26,13.74512 , 0.00000
2022-06-25 21:00:26,13.74512 , 0.00000
2022-06-25 21:01:27,13.72070 , 0.00000
2022-06-25 21:02:27,13.72070 , 0.00000
2022-06-25 21:03:27,13.72070 , 0.00000
2022-06-25 21:04:27,13.69629 , 0.00000
2022-06-25 21:05:27,13.64746 , 0.00000
2022-06-25 21:06:27,13.64746 , 0.00000
2022-06-25 21:07:28,13.67187 , 0.00000
2022-06-25 21:08:28,13.67187 , 0.00000
2022-06-25 21:09:28,13.62305 , 0.00000
2022-06-25 21:10:28,13.62305 , 0.00000
2022-06-25 21:11:28,13.62305 , 0.00000
2022-06-25 21:12:28,13.62305 , 0.00000
2022-06-25 21:13:28,13.62305 , 0.00000
2022-06-25 21:14:29,13.30566 , 0.00000
2022-06-25 21:15:29,13.30566 , 0.00000
2022-06-25 21:16:29,13.25684 , 0.00000
2022-06-25 21:17:29,13.25684 , 0.00000
2022-06-25 21:18:29,13.23242 , 0.00000
2022-06-25 21:19:29,13.23242 , 0.00000
2022-06-25 21:20:30,13.20801 , 0.00000
2022-06-25 21:21:30,13.15918 , 0.00000
2022-06-25 21:22:30,13.20801 , 0.00000
2022-06-25 21:23:30,13.13477 , 0.00000
2022-06-25 21:24:30,13.13477 , 0.00000
2022-06-25 21:25:30,13.11035 , 0.00000
2022-06-25 21:26:30,13.15918 , 0.00000
2022-06-25 21:27:31,12.98828 , 0.00000
2022-06-25 21:28:31,13.03711 , 0.00000
2022-06-25 21:29:31,13.06152 , 0.00000
2022-06-25 21:30:31,13.06152 , 0.00000
2022-06-25 21:31:31,13.08594 , 0.00000
2022-06-25 21:32:31,13.15918 , 0.00000
2022-06-25 21:33:32,12.96387 , 0.00000
2022-06-25 21:34:32,12.93945 , 0.00000
2022-06-25 21:35:32,13.06152 , 0.00000
2022-06-25 21:36:32,12.91504 , 0.00000
2022-06-25 21:37:32,12.74414 , 0.00000
2022-06-25 21:38:32,12.59766 , 0.00000
2022-06-25 21:39:32,12.42676 , 0.00000
2022-06-25 21:40:33,12.13379 , 0.00000
2022-06-25 21:41:33,11.91406 , 0.00000
2022-06-25 21:42:33,11.71875 , 0.00000
2022-06-25 21:43:33,11.45020 , 0.00000
2022-06-25 21:44:33,11.25488 , 0.00000
2022-06-25 21:45:33,11.03516 , 0.00000
2022-06-25 21:46:34,10.74219 , 0.00000
2022-06-25 21:47:34,10.37598 , 0.00000
2022-06-25 21:48:34,10.08301 , 0.00000
2022-06-25 21:49:34,9.79004 , 0.00000
2022-06-25 21:50:34,9.42383 , 0.00000
2022-06-25 21:51:34,9.00879 , 0.00000
2022-06-25 21:52:35,8.74023 , 0.00000
2022-06-25 21:53:35,8.34961 , 0.00000
2022-06-25 21:54:35,7.91016 , 0.00000
2022-06-25 21:55:35,7.56836 , 0.00000
2022-06-25 21:56:35,7.17773 , 0.00000
2022-06-25 21:57:35,6.78711 , 0.00000
2022-06-25 21:58:35,6.39648 , 0.00000
2022-06-25 21:59:36,5.95703 , 0.00000
2022-06-25 22:00:36,5.59082 , 0.00000
2022-06-25 22:01:36,5.10254 , 0.00000
2022-06-25 22:02:36,4.71191 , 0.00000
2022-06-25 22:03:36,4.37012 , 0.00000
2022-06-25 22:04:36,4.10156 , 0.00000
2022-06-25 22:05:37,3.73535 , 0.00000
2022-06-25 22:06:37,3.39355 , 0.00000
2022-06-25 22:07:37,3.07617 , 0.00000
2022-06-25 22:08:37,2.73438 , 0.00000
2022-06-25 22:09:37,2.49023 , 0.00000
2022-06-25 23:54:28,0.36621 , 0.00000
2022-06-25 23:55:29,0.31738 , 0.00000
2022-06-25 23:56:29,0.31738 , 0.00000
2022-06-25 23:57:29,0.34180 , 0.00000
2022-06-25 23:58:29,0.31738 , 0.00000
2022-06-25 23:59:29,0.31738 , 0.00000
2022-06-26 00:00:29,0.31738 , 0.00000
2022-06-26 00:01:30,0.29297 , 0.00000
2022-06-26 00:02:30,0.31738 , 0.00000
2022-06-26 00:03:30,0.31738 , 0.00000
2022-06-26 00:04:30,0.31738 , 0.00000
2022-06-26 00:05:30,0.36621 , 0.00000
2022-06-26 00:06:30,0.31738 , 0.00000
2022-06-26 00:07:30,0.31738 , 0.00000
2022-06-26 00:08:31,0.26855 , 0.00000
2022-06-26 00:09:31,0.29297 , 0.00000
2022-06-26 00:10:31,0.31738 , 0.00000
2022-06-26 00:11:31,0.31738 , 0.00000
2022-06-26 00:12:31,0.29297 , 0.00000
2022-06-26 00:13:31,0.34180 , 0.00000
2022-06-26 00:14:32,0.29297 , 0.00000
2022-06-26 00:15:32,0.29297 , 0.00000
2022-06-26 00:16:32,0.29297 , 0.00000
2022-06-26 00:17:32,0.26855 , 0.00000
2022-06-26 00:18:32,0.31738 , 0.00000
2022-06-26 00:19:32,0.29297 , 0.00000
2022-06-26 00:20:32,0.29297 , 0.00000
2022-06-26 00:21:33,0.34180 , 0.00000
2022-06-26 00:22:33,0.29297 , 0.00000
2022-06-26 00:23:33,0.29297 , 0.00000
2022-06-26 00:24:33,0.31738 , 0.00000
2022-06-26 00:25:33,0.34180 , 0.00000
2022-06-26 00:26:33,0.29297 , 0.00000
2022-06-26 00:27:34,0.29297 , 0.00000
2022-06-26 00:28:34,0.36621 , 0.00000
2022-06-26 00:29:34,0.29297 , 0.00000
2022-06-26 00:30:34,0.29297 , 0.00000
2022-06-26 00:31:34,0.34180 , 0.00000
2022-06-26 00:32:34,0.29297 , 0.00000
2022-06-26 00:33:34,0.29297 , 0.00000
2022-06-26 00:34:35,0.29297 , 0.00000
2022-06-26 00:35:35,0.31738 , 0.00000
2022-06-26 00:36:35,0.36621 , 0.00000
2022-06-26 00:37:35,0.29297 , 0.00000
2022-06-26 00:38:35,0.31738 , 0.00000
2022-06-26 00:39:35,0.31738 , 0.00000
2022-06-26 00:40:36,0.31738 , 0.00000
2022-06-26 00:41:36,0.31738 , 0.00000
2022-06-26 00:42:36,0.26855 , 0.00000
2022-06-26 00:43:36,0.31738 , 0.00000
2022-06-26 00:44:36,0.31738 , 0.00000
2022-06-26 00:45:36,0.26855 , 0.00000
2022-06-26 00:46:37,0.26855 , 0.00000
2022-06-26 00:47:37,0.29297 , 0.00000
2022-06-26 00:48:37,0.26855 , 0.00000
2022-06-26 00:49:37,0.31738 , 0.00000
2022-06-26 00:50:37,0.34180 , 0.00000
2022-06-26 00:51:37,0.36621 , 0.00000
2022-06-26 00:52:37,0.29297 , 0.00000
2022-06-26 00:53:38,0.26855 , 0.00000
2022-06-26 00:54:38,0.29297 , 0.00000
2022-06-26 00:55:38,0.34180 , 0.00000
2022-06-26 00:56:38,0.31738 , 0.00000
2022-06-26 00:57:38,0.29297 , 0.00000
2022-06-26 00:58:38,0.14648 , 0.00000
2022-06-26 00:59:39,0.17090 , 0.00000
2022-06-26 01:00:39,0.17090 , 0.00000
2022-06-26 01:01:39,0.17090 , 0.00000
2022-06-26 01:02:39,0.21973 , 0.00000
2022-06-26 01:03:39,0.17090 , 0.00000
2022-06-26 01:04:39,0.19531 , 0.00000
2022-06-26 01:05:39,0.19531 , 0.00000
2022-06-26 01:06:40,0.21973 , 0.00000
2022-06-26 01:07:40,0.19531 , 0.00000
2022-06-26 01:08:40,0.21973 , 0.00000
2022-06-26 01:09:40,0.19531 , 0.00000
2022-06-26 01:10:40,0.21973 , 0.00000
2022-06-26 01:11:40,0.17090 , 0.00000
2022-06-26 01:12:41,0.19531 , 0.00000
2022-06-26 01:13:41,0.14648 , 0.00000
2022-06-26 01:14:41,0.21973 , 0.00000
2022-06-26 01:15:41,0.19531 , 0.00000
2022-06-26 01:16:41,0.19531 , 0.00000
2022-06-26 01:17:41,0.21973 , 0.00000
2022-06-26 01:18:41,0.19531 , 0.00000
2022-06-26 01:19:42,0.21973 , 0.00000
2022-06-26 01:20:42,0.17090 , 0.00000
2022-06-26 01:21:42,0.21973 , 0.00000
2022-06-26 01:22:42,0.14648 , 0.00000
2022-06-26 01:23:42,0.19531 , 0.00000
2022-06-26 01:24:42,0.19531 , 0.00000
2022-06-26 01:25:43,0.17090 , 0.00000
2022-06-26 01:26:43,0.17090 , 0.00000
2022-06-26 01:27:43,0.17090 , 0.00000
2022-06-26 01:28:43,0.17090 , 0.00000
2022-06-26 01:29:43,0.17090 , 0.00000
2022-06-26 01:30:43,0.19531 , 0.00000
2022-06-26 01:31:43,0.19531 , 0.00000
2022-06-26 01:32:44,0.19531 , 0.00000
2022-06-26 01:33:44,0.19531 , 0.00000
2022-06-26 01:34:44,0.21973 , 0.00000
2022-06-26 01:35:44,0.17090 , 0.00000
2022-06-26 01:36:44,0.21973 , 0.00000
2022-06-26 01:37:44,0.17090 , 0.00000
2022-06-26 01:38:45,0.17090 , 0.00000
2022-06-26 01:39:45,0.17090 , 0.00000
2022-06-26 01:40:45,0.19531 , 0.00000
2022-06-26 01:41:45,0.24414 , 0.00000
2022-06-26 01:42:45,0.19531 , 0.00000
2022-06-26 01:43:45,0.17090 , 0.00000
2022-06-26 01:44:45,0.19531 , 0.00000
2022-06-26 01:45:46,0.17090 , 0.00000
2022-06-26 01:46:46,0.24414 , 0.00000
2022-06-26 01:47:46,0.19531 , 0.00000
2022-06-26 01:48:46,0.17090 , 0.00000
2022-06-26 01:49:46,0.21973 , 0.00000
2022-06-26 01:50:46,0.19531 , 0.00000
2022-06-26 01:51:47,0.17090 , 0.00000
2022-06-26 01:52:47,0.14648 , 0.00000
2022-06-26 01:53:47,0.19531 , 0.00000
2022-06-26 01:54:47,0.19531 , 0.00000
2022-06-26 01:55:47,0.17090 , 0.00000
2022-06-26 01:56:47,0.19531 , 0.00000
2022-06-26 01:57:47,0.21973 , 0.00000
2022-06-26 01:58:48,0.17090 , 0.00000
2022-06-26 01:59:48,0.24414 , 0.00000
2022-06-26 02:00:48,0.24414 , 0.00000
2022-06-26 02:01:48,0.21973 , 0.00000
2022-06-26 02:02:48,0.21973 , 0.00000
2022-06-26 02:03:48,0.24414 , 0.00000
2022-06-26 02:04:49,0.21973 , 0.00000
2022-06-26 02:05:49,0.24414 , 0.00000
2022-06-26 02:06:49,0.21973 , 0.00000
2022-06-26 02:07:49,0.14648 , 0.00000
2022-06-26 02:08:49,0.17090 , 0.00000
2022-06-26 02:09:49,0.17090 , 0.00000
2022-06-26 02:10:49,0.17090 , 0.00000
2022-06-26 02:11:50,0.21973 , 0.00000
2022-06-26 02:12:50,0.19531 , 0.00000
2022-06-26 02:13:50,0.19531 , 0.00000
2022-06-26 02:14:50,0.17090 , 0.00000
2022-06-26 02:15:50,0.21973 , 0.00000
2022-06-26 02:16:50,0.14648 , 0.00000
2022-06-26 02:17:51,0.14648 , 0.00000
2022-06-26 02:18:51,0.17090 , 0.00000
2022-06-26 02:19:51,0.17090 , 0.00000
2022-06-26 02:20:51,0.19531 , 0.00000
2022-06-26 02:21:51,0.21973 , 0.00000
2022-06-26 02:22:51,0.12207 , 0.00000
2022-06-26 02:23:51,0.19531 , 0.00000
2022-06-26 02:24:52,0.19531 , 0.00000
2022-06-26 02:25:52,0.17090 , 0.00000
2022-06-26 02:26:52,0.21973 , 0.00000
2022-06-26 02:27:52,0.14648 , 0.00000
2022-06-26 02:28:52,0.21973 , 0.00000
2022-06-26 02:29:52,0.19531 , 0.00000
2022-06-26 02:30:53,0.21973 , 0.00000
2022-06-26 02:31:53,0.14648 , 0.00000
2022-06-26 02:32:53,0.19531 , 0.00000
2022-06-26 02:33:53,0.14648 , 0.00000
2022-06-26 02:34:53,0.19531 , 0.00000
2022-06-26 02:35:53,0.17090 , 0.00000
2022-06-26 02:36:53,0.24414 , 0.00000
2022-06-26 02:37:54,0.21973 , 0.00000
2022-06-26 02:38:54,0.19531 , 0.00000
2022-06-26 02:39:54,0.21973 , 0.00000
2022-06-26 02:40:54,0.21973 , 0.00000
2022-06-26 02:41:54,0.14648 , 0.00000
2022-06-26 02:42:54,0.19531 , 0.00000
2022-06-26 02:43:55,0.21973 , 0.00000
2022-06-26 02:44:55,0.19531 , 0.00000
2022-06-26 02:45:55,0.17090 , 0.00000
2022-06-26 02:46:55,0.21973 , 0.00000
2022-06-26 02:47:55,0.17090 , 0.00000
2022-06-26 02:48:55,0.17090 , 0.00000
2022-06-26 02:49:55,0.19531 , 0.00000
2022-06-26 02:50:56,0.26855 , 0.00000
2022-06-26 02:51:56,0.17090 , 0.00000
2022-06-26 02:52:56,0.21973 , 0.00000
2022-06-26 02:53:56,0.21973 , 0.00000
2022-06-26 02:54:56,0.19531 , 0.00000
2022-06-26 02:55:56,0.17090 , 0.00000
2022-06-26 02:56:57,0.19531 , 0.00000
2022-06-26 02:57:57,0.19531 , 0.00000
2022-06-26 02:58:57,0.17090 , 0.00000
2022-06-26 02:59:57,0.17090 , 0.00000
2022-06-26 03:00:57,0.21973 , 0.00000
2022-06-26 03:01:57,0.19531 , 0.00000
2022-06-26 03:02:57,0.21973 , 0.00000
2022-06-26 03:03:58,0.19531 , 0.00000
2022-06-26 03:04:58,0.19531 , 0.00000
2022-06-26 03:05:58,0.21973 , 0.00000
2022-06-26 03:06:58,0.17090 , 0.00000
2022-06-26 03:07:58,0.21973 , 0.00000
2022-06-26 03:08:58,0.19531 , 0.00000
2022-06-26 03:09:59,0.17090 , 0.00000
2022-06-26 03:10:59,0.17090 , 0.00000
2022-06-26 03:11:59,0.17090 , 0.00000
2022-06-26 03:12:59,0.19531 , 0.00000
2022-06-26 03:13:59,0.21973 , 0.00000
2022-06-26 03:14:59,0.21973 , 0.00000
2022-06-26 03:15:59,0.21973 , 0.00000
2022-06-26 03:17:00,0.19531 , 0.00000
2022-06-26 03:18:00,0.24414 , 0.00000
2022-06-26 03:19:00,0.24414 , 0.00000
2022-06-26 03:20:00,0.21973 , 0.00000
2022-06-26 03:21:00,0.19531 , 0.00000
2022-06-26 03:22:00,0.21973 , 0.00000
2022-06-26 03:23:01,0.19531 , 0.00000
2022-06-26 03:24:01,0.19531 , 0.00000
2022-06-26 03:25:01,0.21973 , 0.00000
2022-06-26 03:26:01,0.19531 , 0.00000
2022-06-26 03:27:01,0.24414 , 0.00000
2022-06-26 03:28:01,0.21973 , 0.00000
2022-06-26 03:29:01,0.24414 , 0.00000
2022-06-26 03:30:02,0.24414 , 0.00000
2022-06-26 03:31:02,0.24414 , 0.00000
2022-06-26 03:32:02,0.21973 , 0.00000
2022-06-26 03:33:02,0.26855 , 0.00000
2022-06-26 03:34:02,0.21973 , 0.00000
2022-06-26 03:35:02,0.26855 , 0.00000
2022-06-26 03:36:03,0.26855 , 0.00000
2022-06-26 03:37:03,0.24414 , 0.00000
2022-06-26 03:38:03,0.29297 , 0.00000
2022-06-26 03:39:03,0.26855 , 0.00000
2022-06-26 03:40:03,0.31738 , 0.00000
2022-06-26 03:41:03,0.29297 , 0.00000
2022-06-26 03:42:03,0.26855 , 0.00000
2022-06-26 03:43:04,0.31738 , 0.00000
2022-06-26 03:44:04,0.34180 , 0.00000
2022-06-26 03:45:04,0.39063 , 0.00000
2022-06-26 03:46:04,0.29297 , 0.00000
2022-06-26 03:47:04,0.34180 , 0.00000
2022-06-26 03:48:04,0.39063 , 0.00000
2022-06-26 03:49:05,0.34180 , 0.00000
2022-06-26 03:50:05,0.41504 , 0.00000
2022-06-26 03:51:05,0.41504 , 0.00000
2022-06-26 03:52:05,0.46387 , 0.00000
2022-06-26 03:53:05,0.46387 , 0.00000
2022-06-26 03:54:05,0.48828 , 0.00000
2022-06-26 03:55:05,0.53711 , 0.00000
2022-06-26 03:56:06,0.58594 , 0.00000
2022-06-26 03:57:06,0.61035 , 0.00000
2022-06-26 03:58:06,0.58594 , 0.00000
2022-06-26 03:59:06,0.70801 , 0.00000
2022-06-26 04:00:06,0.75684 , 0.00000
2022-06-26 04:01:06,0.83008 , 0.00000
2022-06-26 04:02:07,0.85449 , 0.00000
2022-06-26 04:03:07,0.95215 , 0.00000
2022-06-26 04:04:07,1.02539 , 0.00000
2022-06-26 04:05:07,1.14746 , 0.00000
2022-06-26 04:06:07,1.22070 , 0.00000
2022-06-26 04:07:07,1.34277 , 0.00000
2022-06-26 04:08:07,1.46484 , 0.00000
2022-06-26 04:09:08,1.61133 , 0.00000
2022-06-26 04:10:08,1.73340 , 0.00000
2022-06-26 04:11:08,1.90430 , 0.00000
2022-06-26 04:12:08,2.00195 , 0.00000
2022-06-26 04:13:08,2.27051 , 0.00000
2022-06-26 04:14:08,2.46582 , 0.00000
2022-06-26 04:15:09,2.61230 , 0.00000
2022-06-26 04:16:09,2.83203 , 0.00000
2022-06-26 04:17:09,3.14941 , 0.00000
2022-06-26 04:18:09,3.44238 , 0.00000
2022-06-26 04:19:09,3.75977 , 0.00000
2022-06-26 04:20:09,4.10156 , 0.00000
2022-06-26 04:21:09,4.46777 , 0.00000
2022-06-26 04:22:10,4.88281 , 0.00000
2022-06-26 04:23:10,5.29785 , 0.00000
2022-06-26 04:24:10,5.78613 , 0.00000
2022-06-26 04:25:10,6.17676 , 0.00000
2022-06-26 04:26:10,6.68945 , 0.00000
2022-06-26 04:27:10,7.20215 , 0.00000
2022-06-26 04:28:11,7.64160 , 0.00000
2022-06-26 04:29:11,8.05664 , 0.00000
2022-06-26 04:30:11,8.61816 , 0.00000
2022-06-26 04:31:11,9.00879 , 0.00000
2022-06-26 04:32:11,9.32617 , 0.00000
2022-06-26 04:33:11,9.91211 , 0.00000
2022-06-26 04:34:11,10.25391 , 0.00000
2022-06-26 04:35:12,10.66895 , 0.00000
2022-06-26 04:36:12,11.13281 , 0.00000
2022-06-26 04:37:12,11.71875 , 0.00000
2022-06-26 04:38:12,12.47559 , 0.00000
2022-06-26 04:39:12,12.89062 , 0.00000
2022-06-26 04:40:12,12.89062 , 0.00000
2022-06-26 04:41:13,12.86621 , 0.00000
2022-06-26 04:42:13,12.91504 , 0.00000
2022-06-26 04:43:13,12.96387 , 0.00000
2022-06-26 04:44:13,12.98828 , 0.00000
2022-06-26 04:45:13,12.98828 , 0.00000
2022-06-26 04:46:13,13.03711 , 0.00000
2022-06-26 04:47:13,13.03711 , 0.00000
2022-06-26 04:48:14,13.03711 , 0.00000
2022-06-26 04:49:14,13.03711 , 0.00000
2022-06-26 04:50:14,13.06152 , 0.00000
2022-06-26 04:51:14,13.06152 , 0.00000
2022-06-26 04:52:14,13.08594 , 0.00000
2022-06-26 04:53:14,13.13477 , 0.00000
2022-06-26 04:54:15,13.13477 , 0.00000
2022-06-26 04:55:15,13.13477 , 0.00000
2022-06-26 04:56:15,13.13477 , 0.00000
2022-06-26 04:57:15,13.13477 , 0.00000
2022-06-26 04:58:15,13.15918 , 0.00000
2022-06-26 04:59:15,13.13477 , 0.00000
2022-06-26 05:00:15,13.13477 , 0.00000
2022-06-26 05:01:16,13.13477 , 0.00000
2022-06-26 05:02:16,13.15918 , 0.00000
2022-06-26 05:03:16,13.13477 , 0.00000
2022-06-26 05:04:16,13.13477 , 0.00000
2022-06-26 05:05:16,13.13477 , 0.00000
2022-06-26 05:06:16,13.13477 , 0.00000
2022-06-26 05:07:17,13.18359 , 0.00000
2022-06-26 05:08:17,13.18359 , 0.00000
2022-06-26 05:09:17,13.15918 , 0.00000
2022-06-26 05:10:17,13.15918 , 0.00000
2022-06-26 05:11:17,13.20801 , 0.00000
2022-06-26 05:12:17,13.18359 , 0.00000
2022-06-26 05:13:17,13.20801 , 0.00000
2022-06-26 05:14:18,13.18359 , 0.00000
2022-06-26 05:15:18,13.20801 , 0.00000
2022-06-26 05:16:18,13.20801 , 0.00000
2022-06-26 05:17:18,13.23242 , 0.00000
2022-06-26 05:18:18,13.23242 , 0.00000
2022-06-26 05:19:18,13.25684 , 0.00000
2022-06-26 05:20:19,13.28125 , 0.00000
2022-06-26 05:21:19,13.30566 , 0.00000
2022-06-26 05:22:19,13.33008 , 0.00000
2022-06-26 05:23:19,13.33008 , 0.00000
2022-06-26 05:24:19,13.33008 , 0.00000
2022-06-26 05:25:19,13.35449 , 0.00000
2022-06-26 05:26:19,13.37891 , 0.00000
2022-06-26 05:27:20,13.52539 , 0.00000
2022-06-26 05:28:20,13.64746 , 0.00000
2022-06-26 05:29:20,13.52539 , 0.00000
2022-06-26 05:30:20,13.52539 , 0.00000
2022-06-26 05:31:20,13.50098 , 0.00000
2022-06-26 05:32:20,13.50098 , 0.00000
2022-06-26 05:33:21,13.52539 , 0.00000
2022-06-26 05:34:21,13.50098 , 0.00000
2022-06-26 05:35:21,13.52539 , 0.00000
2022-06-26 05:36:21,13.52539 , 0.00000
2022-06-26 05:37:21,13.52539 , 0.00000
2022-06-26 05:38:21,13.57422 , 0.00000
2022-06-26 05:39:21,13.59863 , 0.00000
2022-06-26 05:40:22,13.54980 , 0.00000
2022-06-26 05:41:22,13.57422 , 0.00000
2022-06-26 05:42:22,13.59863 , 0.00000
2022-06-26 05:43:22,13.62305 , 0.00000
2022-06-26 05:44:22,13.62305 , 0.00000
2022-06-26 05:45:22,13.67187 , 0.00000
2022-06-26 05:46:23,13.69629 , 0.00000
2022-06-26 05:47:23,13.67187 , 0.00000
2022-06-26 05:48:23,13.74512 , 0.00000
2022-06-26 05:49:23,13.72070 , 0.00000
2022-06-26 05:50:23,13.74512 , 0.00000
2022-06-26 05:51:23,13.74512 , 0.00000
2022-06-26 05:52:23,13.74512 , 0.00000
2022-06-26 05:53:24,13.79395 , 0.00000
2022-06-26 05:54:24,13.74512 , 0.00000
2022-06-26 05:55:24,13.74512 , 0.00000
2022-06-26 05:56:24,13.74512 , 0.00000
2022-06-26 05:57:24,13.74512 , 0.00000
2022-06-26 05:58:24,13.76953 , 0.00000
2022-06-26 05:59:25,13.79395 , 0.00000
2022-06-26 06:00:25,13.79395 , 0.00000
2022-06-26 06:01:25,13.79395 , 0.00000
2022-06-26 06:02:25,13.81836 , 0.00000
2022-06-26 06:03:25,13.84277 , 0.00000
2022-06-26 06:04:25,13.81836 , 0.00000
2022-06-26 06:05:25,13.86719 , 0.00000
2022-06-26 06:06:26,13.84277 , 0.00000
2022-06-26 06:07:26,14.01367 , 0.00000
2022-06-26 06:08:26,14.03809 , 0.00599
2022-06-26 06:09:26,14.11133 , 0.00000
2022-06-26 06:10:26,14.08691 , 0.00000
2022-06-26 06:11:26,14.20898 , 0.00000
2022-06-26 06:12:27,14.13574 , 0.00000
2022-06-26 06:13:27,14.25781 , 0.00000
2022-06-26 06:14:27,13.86719 , 0.00000
2022-06-26 06:15:27,13.86719 , 0.00000
2022-06-26 06:16:27,13.84277 , 0.00000
2022-06-26 06:17:27,13.81836 , 0.00000
2022-06-26 06:18:27,13.81836 , 0.00000
2022-06-26 06:19:28,13.81836 , 0.00000
2022-06-26 06:20:28,13.81836 , 0.00000
2022-06-26 06:21:28,13.84277 , 0.00000
2022-06-26 06:22:28,13.81836 , 0.00000
2022-06-26 06:23:28,13.81836 , 0.00000
2022-06-26 06:24:28,13.84277 , 0.00000
2022-06-26 06:25:29,13.84277 , 0.00000
2022-06-26 06:26:29,13.86719 , 0.00000
2022-06-26 06:27:29,13.84277 , 0.00000
2022-06-26 06:28:29,13.84277 , 0.00000
2022-06-26 06:29:29,13.81836 , 0.00000
2022-06-26 06:30:29,13.86719 , 0.00000
2022-06-26 06:31:29,13.89160 , 0.00000
2022-06-26 06:32:30,13.86719 , 0.00000
2022-06-26 06:33:30,13.89160 , 0.00000
2022-06-26 06:34:30,13.91602 , 0.00872
2022-06-26 06:35:30,13.91602 , 0.01399
2022-06-26 06:36:30,13.94043 , 0.01319
2022-06-26 06:37:30,13.94043 , 0.01703
2022-06-26 06:38:31,13.94043 , 0.01710
2022-06-26 06:39:31,13.91602 , 0.02495
2022-06-26 06:40:31,13.94043 , 0.03132
2022-06-26 06:41:31,13.98926 , 0.04449
2022-06-26 06:42:31,13.96484 , 0.03992
2022-06-26 06:43:31,13.98926 , 0.03311
2022-06-26 06:44:31,13.96484 , 0.03481
2022-06-26 06:45:32,13.98926 , 0.03540
2022-06-26 06:46:32,13.98926 , 0.03451
2022-06-26 06:47:32,13.96484 , 0.03266
2022-06-26 06:48:32,13.98926 , 0.03214
2022-06-26 06:49:32,13.98926 , 0.03998
2022-06-26 06:50:32,14.01367 , 0.04177
2022-06-26 06:51:33,13.98926 , 0.05138
2022-06-26 06:52:33,14.01367 , 0.04755
2022-06-26 06:53:33,14.01367 , 0.05694
2022-06-26 06:54:33,14.06250 , 0.06687
2022-06-26 06:55:33,14.03809 , 0.06273
2022-06-26 06:56:33,14.08691 , 0.07982
2022-06-26 06:57:33,14.18457 , 0.11276
2022-06-26 06:58:34,14.18457 , 0.11737
2022-06-26 06:59:34,14.18457 , 0.20357
2022-06-26 07:00:34,14.23340 , 0.20787
2022-06-26 07:01:34,14.30664 , 0.28415
2022-06-26 07:02:34,14.20898 , 0.34763
2022-06-26 07:03:34,14.30664 , 0.35590
2022-06-26 07:04:35,14.33105 , 0.31944
2022-06-26 07:05:35,14.37988 , 0.26695
2022-06-26 07:06:35,14.25781 , 0.30160
2022-06-26 07:07:35,14.28223 , 0.32220
2022-06-26 07:08:35,14.25781 , 0.35344
2022-06-26 07:09:35,14.35547 , 0.41606
2022-06-26 07:10:35,14.35547 , 0.36825
2022-06-26 07:11:36,14.33105 , 0.48917
2022-06-26 07:12:36,14.33105 , 0.41013
2022-06-26 07:13:36,14.35547 , 0.33932
2022-06-26 07:14:36,14.42871 , 0.30655
2022-06-26 07:15:36,14.23340 , 0.19015
2022-06-26 07:16:36,14.28223 , 0.14054
2022-06-26 07:17:37,14.18457 , 0.15373
2022-06-26 07:18:37,14.28223 , 0.29453
2022-06-26 07:19:37,14.35547 , 0.36562
2022-06-26 07:20:37,14.33105 , 0.30155
2022-06-26 07:21:37,14.30664 , 0.20775
2022-06-26 07:22:37,14.18457 , 0.19914
2022-06-26 07:23:37,14.23340 , 0.12434
2022-06-26 07:24:38,14.20898 , 0.10503
2022-06-26 07:25:38,14.18457 , 0.11204
2022-06-26 07:26:38,14.23340 , 0.11456
2022-06-26 07:27:38,14.28223 , 0.15141
2022-06-26 07:28:38,14.18457 , 0.16876
2022-06-26 07:29:38,14.28223 , 0.18631
2022-06-26 07:30:39,14.30664 , 0.16117
2022-06-26 07:31:39,14.25781 , 0.20805
2022-06-26 07:32:39,14.25781 , 0.20129
2022-06-26 07:33:39,14.16016 , 0.18501
2022-06-26 07:34:39,14.28223 , 0.19638
2022-06-26 07:35:39,14.40430 , 0.21704
2022-06-26 07:36:39,14.33105 , 0.20655
2022-06-26 07:37:40,14.28223 , 0.22408
2022-06-26 07:38:40,14.33105 , 0.22831
2022-06-26 07:39:40,14.30664 , 0.19125
2022-06-26 07:40:40,14.30664 , 0.24788
2022-06-26 07:41:40,14.35547 , 0.24454
2022-06-26 07:42:40,14.37988 , 0.28648
2022-06-26 07:43:41,14.35547 , 0.27735
2022-06-26 07:44:41,14.37988 , 0.24028
2022-06-26 07:45:41,14.35547 , 0.22604
2022-06-26 07:46:41,14.20898 , 0.25569
2022-06-26 07:47:41,14.30664 , 0.27614
2022-06-26 07:48:41,14.25781 , 0.18604
2022-06-26 07:49:41,14.30664 , 0.23175
2022-06-26 07:50:42,14.30664 , 0.21448
2022-06-26 07:51:42,14.28223 , 0.20344
2022-06-26 07:52:42,14.33105 , 0.23221
2022-06-26 07:53:42,14.33105 , 0.26265
2022-06-26 07:54:42,14.28223 , 0.26690
2022-06-26 07:55:42,14.37988 , 0.26194
2022-06-26 07:56:43,14.25781 , 0.27045
2022-06-26 07:57:43,14.30664 , 0.29420
2022-06-26 07:58:43,14.37988 , 0.37857
2022-06-26 07:59:43,14.37988 , 0.27071
2022-06-26 08:00:43,14.33105 , 0.44653
2022-06-26 08:01:43,14.28223 , 0.37591
2022-06-26 08:02:43,14.30664 , 0.23076
2022-06-26 08:03:44,14.47754 , 0.43561
2022-06-26 08:04:44,14.28223 , 0.24761
2022-06-26 08:05:44,14.28223 , 0.30801
2022-06-26 08:06:44,14.30664 , 0.46987
2022-06-26 08:07:44,14.33105 , 0.34382
2022-06-26 08:08:44,14.33105 , 0.28821
2022-06-26 08:09:45,14.23340 , 0.30310
2022-06-26 08:10:45,14.35547 , 0.29409
2022-06-26 08:11:45,14.42871 , 0.32833
2022-06-26 08:12:45,14.35547 , 0.41766
2022-06-26 08:13:45,14.40430 , 0.52096
2022-06-26 08:14:45,14.42871 , 0.61657
2022-06-26 08:15:45,14.47754 , 0.73489
2022-06-26 08:16:46,14.50195 , 0.76845
2022-06-26 08:17:46,14.47754 , 0.69065
2022-06-26 08:18:46,14.52637 , 0.68917
2022-06-26 08:19:46,14.42871 , 0.81641
2022-06-26 08:20:46,14.59961 , 0.83164
2022-06-26 08:21:46,14.55078 , 0.86886
2022-06-26 08:22:47,14.50195 , 0.87467
2022-06-26 08:23:47,14.59961 , 1.14722
2022-06-26 08:24:47,14.69727 , 1.20409
2022-06-26 08:25:47,14.67285 , 1.16783
2022-06-26 08:26:47,14.72168 , 1.10195
2022-06-26 08:27:47,14.42871 , 0.83518
2022-06-26 08:28:47,14.57520 , 1.00610
2022-06-26 08:29:48,14.50195 , 0.86845
2022-06-26 08:30:48,14.42871 , 0.77753
2022-06-26 08:31:48,14.57520 , 0.97372
2022-06-26 08:32:48,14.45312 , 0.76047
2022-06-26 08:33:48,14.47754 , 0.61703
2022-06-26 08:34:48,14.45312 , 0.65506
2022-06-26 08:35:49,14.62402 , 1.12067
2022-06-26 08:36:49,14.77051 , 1.33517
2022-06-26 08:37:49,14.84375 , 1.22626
2022-06-26 08:38:49,14.74609 , 1.30856
2022-06-26 08:39:49,14.72168 , 1.25701
2022-06-26 08:40:49,14.84375 , 1.35187
2022-06-26 08:41:49,14.64844 , 0.75220
2022-06-26 08:42:50,14.59961 , 0.58188
2022-06-26 08:43:50,14.69727 , 1.13613
2022-06-26 08:44:50,14.89258 , 1.52465
2022-06-26 08:45:50,14.81934 , 1.36930
2022-06-26 08:46:50,14.94141 , 1.53346
2022-06-26 08:47:50,14.84375 , 1.40319
2022-06-26 08:48:51,14.96582 , 1.64174
2022-06-26 08:49:51,14.89258 , 1.46256
2022-06-26 08:50:51,14.47754 , 0.44521
2022-06-26 08:51:51,14.47754 , 0.42747
2022-06-26 08:52:51,14.45312 , 0.55322
2022-06-26 08:53:51,14.52637 , 0.65211
2022-06-26 08:54:51,15.03906 , 1.87499
2022-06-26 08:55:52,14.79492 , 1.22487
2022-06-26 08:56:52,15.23437 , 2.04505
2022-06-26 08:57:52,14.77051 , 1.12805
2022-06-26 08:58:52,14.69727 , 0.99286
2022-06-26 08:59:52,15.01465 , 1.62112
2022-06-26 09:00:52,14.77051 , 1.11845
2022-06-26 09:01:53,14.64844 , 1.00979
2022-06-26 09:02:53,15.25879 , 1.99024
2022-06-26 09:03:53,15.42969 , 2.28840
2022-06-26 09:04:53,14.67285 , 0.89939
2022-06-26 09:05:53,15.62500 , 2.76442
2022-06-26 09:06:53,21.28906 , 0.00000
2022-06-26 09:07:53,15.67383 , 2.75324
2022-06-26 09:08:54,20.99609 , 0.00000
2022-06-26 09:09:54,22.02149 , 0.00000
2022-06-26 09:10:54,15.50293 , 2.78083
2022-06-26 09:11:54,21.85059 , 0.00000
2022-06-26 09:12:54,15.47852 , 2.64160
2022-06-26 09:13:54,21.82617 , 0.00000
2022-06-26 09:14:55,21.85059 , 0.00000
2022-06-26 09:15:55,21.97266 , 0.00000
2022-06-26 09:16:55,14.67285 , 1.31939
2022-06-26 09:17:55,20.84961 , 0.00000
2022-06-26 09:18:55,14.55078 , 1.02798
2022-06-26 09:19:55,14.57520 , 0.97656
2022-06-26 09:20:55,22.19238 , 0.00000
2022-06-26 09:21:56,22.16797 , 0.00000
2022-06-26 09:22:56,22.09473 , 0.00000
2022-06-26 09:23:56,14.86816 , 1.22255
2022-06-26 09:24:56,21.75293 , 0.00000
2022-06-26 09:25:56,15.28320 , 2.64841
2022-06-26 09:26:56,22.09473 , 0.00000
2022-06-26 09:27:57,21.36231 , 0.00000
2022-06-26 09:28:57,14.81934 , 1.03656
2022-06-26 09:29:57,22.02149 , 0.00000
2022-06-26 09:30:57,20.94727 , 0.00000
2022-06-26 09:31:57,21.14258 , 0.00000
2022-06-26 09:32:57,21.99707 , 0.00000
2022-06-26 09:33:57,14.50195 , 1.30556
2022-06-26 09:34:58,21.43555 , 0.00000
2022-06-26 09:35:58,14.81934 , 1.06882
2022-06-26 09:36:58,14.64844 , 0.82116
2022-06-26 09:37:58,14.67285 , 0.72584
2022-06-26 09:38:58,14.64844 , 0.89102
2022-06-26 09:39:58,14.91699 , 1.33116
2022-06-26 09:40:59,21.80176 , 0.00000
2022-06-26 09:41:59,21.65527 , 0.00000
2022-06-26 09:42:59,21.92383 , 0.00000
2022-06-26 09:43:59,15.42969 , 2.40922
2022-06-26 09:44:59,15.16113 , 1.51867
2022-06-26 09:45:59,21.65527 , 0.00000
2022-06-26 09:46:59,22.24121 , 0.00000
2022-06-26 09:48:00,22.16797 , 0.00000
2022-06-26 09:49:00,22.11914 , 0.00000
2022-06-26 09:50:00,16.16211 , 4.55448
2022-06-26 09:51:00,21.97266 , 0.00000
2022-06-26 09:52:00,21.43555 , 0.00000
2022-06-26 09:53:00,21.94824 , 0.00000
2022-06-26 09:54:01,21.94824 , 0.00000
2022-06-26 09:55:01,21.89941 , 0.00000
2022-06-26 09:56:01,16.13770 , 4.89184
2022-06-26 09:57:01,21.92383 , 0.00000
2022-06-26 09:58:01,14.55078 , 1.52692
2022-06-26 09:59:01,22.04590 , 0.00000
2022-06-26 10:00:01,21.99707 , 0.00000
2022-06-26 10:01:02,16.21094 , 4.75800
2022-06-26 10:02:02,15.72266 , 3.71562
2022-06-26 10:03:02,14.74609 , 1.22848
2022-06-26 10:04:02,22.11914 , 0.00000
2022-06-26 10:05:02,22.09473 , 0.00000
2022-06-26 10:06:02,16.47949 , 4.78359
2022-06-26 10:07:03,22.02149 , 0.93052
2022-06-26 10:08:03,14.79492 , 1.73211
2022-06-26 10:09:03,22.07031 , 0.00000
2022-06-26 10:10:03,16.18652 , 5.00487
2022-06-26 10:11:03,16.55274 , 4.78772
2022-06-26 10:12:03,16.28418 , 4.68755
2022-06-26 10:13:04,15.52734 , 3.12244
2022-06-26 10:14:04,21.89941 , 0.00000
2022-06-26 10:15:04,14.62402 , 0.99971
2022-06-26 10:16:04,21.85059 , 0.00000
2022-06-26 10:17:04,15.01465 , 2.29514
2022-06-26 10:18:04,14.55078 , 1.13399
2022-06-26 10:19:04,14.33105 , 0.90164
2022-06-26 10:20:05,16.79688 , 5.09974
2022-06-26 10:21:05,14.40430 , 1.03766
2022-06-26 10:22:05,14.18457 , 0.77008
2022-06-26 10:23:05,14.55078 , 0.97859
2022-06-26 10:24:05,16.55274 , 5.27752
2022-06-26 10:25:05,22.04590 , 0.00000
2022-06-26 10:26:06,22.24121 , 0.00000
2022-06-26 10:27:06,22.19238 , 5.27032
2022-06-26 10:28:06,14.64844 , 1.42676
2022-06-26 10:29:06,22.04590 , 0.00000
2022-06-26 10:30:06,16.28418 , 1.26612
2022-06-26 10:31:06,22.16797 , 0.00000
2022-06-26 10:32:06,16.38184 , 5.27395
2022-06-26 10:33:07,14.57520 , 1.23604
2022-06-26 10:34:07,16.65039 , 5.49573
2022-06-26 10:35:07,22.04590 , 0.00000
2022-06-26 10:36:07,16.62598 , 5.29585
2022-06-26 10:37:07,16.74805 , 5.21148
2022-06-26 10:38:07,14.50195 , 1.05738
2022-06-26 10:39:08,14.42871 , 1.13816
2022-06-26 10:40:08,14.42871 , 1.24004
2022-06-26 10:41:08,15.35645 , 3.33272
2022-06-26 10:42:08,15.16113 , 2.58901
2022-06-26 10:43:08,14.81934 , 1.67806
2022-06-26 10:44:08,15.25879 , 2.55761
2022-06-26 10:45:08,16.28418 , 4.95780
2022-06-26 10:46:09,14.99023 , 2.23374
2022-06-26 10:47:09,22.19238 , 0.00000
2022-06-26 10:48:09,16.52832 , 5.54701
2022-06-26 10:49:09,16.87012 , 5.44715
2022-06-26 10:50:09,14.86816 , 1.82999
2022-06-26 10:51:09,14.57520 , 1.19997
2022-06-26 10:52:10,14.91699 , 1.98828
2022-06-26 10:53:10,22.16797 , 0.00000
2022-06-26 10:54:10,16.74805 , 5.33114
2022-06-26 10:55:10,21.92383 , 0.00000
2022-06-26 10:56:10,21.87500 , 0.00000
2022-06-26 10:57:10,21.85059 , 0.00000
2022-06-26 10:58:10,21.82617 , 0.00000
2022-06-26 10:59:11,16.55274 , 5.34045
2022-06-26 11:00:11,16.87012 , 5.34211
2022-06-26 11:01:11,21.63086 , 0.00000
2022-06-26 11:02:11,16.23535 , 4.27963
2022-06-26 11:03:11,14.67285 , 1.48932
2022-06-26 11:04:11,14.45312 , 1.32184
2022-06-26 11:05:12,21.85059 , 0.00000
2022-06-26 11:06:12,14.52637 , 0.94792
2022-06-26 11:07:12,22.24121 , 0.00000
2022-06-26 11:08:12,17.01660 , 5.77229
2022-06-26 11:09:12,15.62500 , 3.40406
2022-06-26 11:10:12,15.67383 , 3.55839
2022-06-26 11:11:12,22.33887 , 0.00000
2022-06-26 11:12:13,14.77051 , 1.47734
2022-06-26 11:13:13,21.94824 , 0.00000
2022-06-26 11:14:13,21.48438 , 0.00000
2022-06-26 11:15:13,17.13867 , 5.52208
2022-06-26 11:16:13,22.11914 , 0.00000
2022-06-26 11:17:13,22.02149 , 0.00000
2022-06-26 11:18:14,22.02149 , 0.00000
2022-06-26 11:19:14,21.97266 , 0.00000
2022-06-26 11:20:14,21.89941 , 0.00000
2022-06-26 11:21:14,14.62402 , 1.24170
2022-06-26 11:22:14,14.33105 , 0.73973
2022-06-26 11:23:14,14.25781 , 0.60510
2022-06-26 11:24:14,14.16016 , 0.65276
2022-06-26 11:25:15,14.30664 , 0.92402
2022-06-26 11:26:15,14.50195 , 1.40658
2022-06-26 11:27:15,14.59961 , 1.87870
2022-06-26 11:28:15,14.16016 , 1.05746
2022-06-26 11:29:15,14.06250 , 0.98132
2022-06-26 11:30:15,14.01367 , 0.94181
2022-06-26 11:31:16,14.06250 , 1.05607
2022-06-26 11:32:16,14.25781 , 1.57310
2022-06-26 11:33:16,14.40430 , 1.13231
2022-06-26 11:34:16,14.11133 , 1.14297
2022-06-26 11:35:16,22.75391 , 0.00000
2022-06-26 11:36:16,13.94043 , 0.79907
2022-06-26 11:37:16,13.91602 , 0.85159
2022-06-26 11:38:17,13.96484 , 0.97764
2022-06-26 11:39:17,13.91602 , 0.91665
2022-06-26 11:40:17,13.89160 , 0.87420
2022-06-26 11:41:17,16.33301 , 5.82799
2022-06-26 11:42:17,14.08691 , 1.19613
2022-06-26 11:43:17,14.03809 , 1.08148
2022-06-26 11:44:18,15.47852 , 3.78208
2022-06-26 11:45:18,22.68066 , 0.00000
2022-06-26 11:46:18,16.33301 , 6.31332
2022-06-26 11:47:18,14.72168 , 1.41700
2022-06-26 11:48:18,14.28223 , 1.14555
2022-06-26 11:49:18,14.28223 , 0.87650
2022-06-26 11:50:19,14.18457 , 0.89310
2022-06-26 11:51:19,14.28223 , 1.11943
2022-06-26 11:52:19,14.23340 , 0.93721
2022-06-26 11:53:19,14.23340 , 0.85921
2022-06-26 11:54:19,14.20898 , 0.92859
2022-06-26 11:55:19,14.23340 , 1.05798
2022-06-26 11:56:19,14.55078 , 1.84728
2022-06-26 11:57:20,14.81934 , 2.16863
2022-06-26 11:58:20,14.84375 , 2.03875
2022-06-26 11:59:20,14.55078 , 1.55648
2022-06-26 12:00:20,14.50195 , 1.41225
2022-06-26 12:01:20,14.01367 , 0.81566
2022-06-26 12:02:20,13.91602 , 0.77015
2022-06-26 12:03:21,13.98926 , 0.97075
2022-06-26 12:04:21,14.28223 , 1.30727
2022-06-26 12:05:21,14.47754 , 1.30776
2022-06-26 12:06:21,14.64844 , 1.48250
2022-06-26 12:07:21,14.86816 , 2.35433
2022-06-26 12:08:21,22.43652 , 0.00000
2022-06-26 12:09:21,16.96777 , 5.78117
2022-06-26 12:10:22,15.60059 , 3.28755
2022-06-26 12:11:22,16.96777 , 5.61401
2022-06-26 12:12:22,15.60059 , 3.68223
2022-06-26 12:13:22,14.72168 , 1.88231
2022-06-26 12:14:22,14.72168 , 1.82768
2022-06-26 12:15:22,14.37988 , 1.03647
2022-06-26 12:16:23,14.35547 , 0.99240
2022-06-26 12:17:23,14.84375 , 2.43278
2022-06-26 12:18:23,16.55274 , 6.25465
2022-06-26 12:19:23,15.08789 , 2.42384
2022-06-26 12:20:23,14.62402 , 1.52386
2022-06-26 12:21:23,15.35645 , 2.79227
2022-06-26 12:22:23,14.55078 , 1.35149
2022-06-26 12:23:24,14.55078 , 1.37631
2022-06-26 12:24:24,22.58301 , 0.00000
2022-06-26 12:25:24,14.79492 , 1.78962
2022-06-26 12:26:24,22.48535 , 0.00000
2022-06-26 12:27:24,15.06348 , 2.16316
2022-06-26 12:28:24,16.74805 , 6.17137
2022-06-26 12:29:25,22.26563 , 0.00000
2022-06-26 12:30:25,14.81934 , 1.82366
2022-06-26 12:31:25,16.79688 , 6.02721
2022-06-26 12:32:25,14.72168 , 1.44150
2022-06-26 12:33:25,14.74609 , 1.54523
2022-06-26 12:34:25,14.37988 , 1.27315
2022-06-26 12:35:25,14.50195 , 1.24854
2022-06-26 12:36:26,14.59961 , 1.47179
2022-06-26 12:37:26,16.08887 , 4.50098
2022-06-26 12:38:26,22.16797 , 0.00000
2022-06-26 12:39:26,22.46094 , 0.00000
2022-06-26 12:40:26,16.79688 , 5.80565
2022-06-26 12:41:26,22.07031 , 0.00000
2022-06-26 12:42:27,16.84570 , 5.53170
2022-06-26 12:43:27,21.89941 , 0.00000
2022-06-26 12:44:27,16.55274 , 5.75291
2022-06-26 12:45:27,21.85059 , 0.00000
2022-06-26 12:46:27,17.01660 , 1.55776
2022-06-26 12:47:27,21.80176 , 0.00000
2022-06-26 12:48:27,16.96777 , 5.27921
2022-06-26 12:49:28,16.50391 , 5.52382
2022-06-26 12:50:28,16.99219 , 1.32780
2022-06-26 12:51:28,21.63086 , 0.00000
2022-06-26 12:52:28,21.67969 , 0.00000
2022-06-26 12:53:28,14.67285 , 1.52180
2022-06-26 12:54:28,21.99707 , 0.00000
2022-06-26 12:55:29,14.89258 , 1.84703
2022-06-26 12:56:29,16.57715 , 5.91796
2022-06-26 12:57:29,22.02149 , 0.00000
2022-06-26 12:58:29,21.87500 , 0.00000
2022-06-26 12:59:29,17.01660 , 5.31937
2022-06-26 13:00:29,21.80176 , 0.00000
2022-06-26 13:01:29,20.92285 , 0.00000
2022-06-26 13:02:30,14.89258 , 2.05018
2022-06-26 13:03:30,14.77051 , 1.64112
2022-06-26 13:04:30,16.79688 , 5.57922
2022-06-26 13:05:30,14.62402 , 1.37439
2022-06-26 13:06:30,16.77246 , 5.39126
2022-06-26 13:07:30,21.67969 , 4.71279
2022-06-26 13:08:31,21.99707 , 0.00000
2022-06-26 13:09:31,15.18555 , 2.41965
2022-06-26 13:10:31,15.25879 , 2.50501
2022-06-26 13:11:31,15.38086 , 2.77594
2022-06-26 13:12:31,14.89258 , 1.77265
2022-06-26 13:13:31,14.72168 , 1.70210
2022-06-26 13:14:32,14.69727 , 1.50006
2022-06-26 13:15:32,14.57520 , 1.51969
2022-06-26 13:16:32,14.72168 , 1.80764
2022-06-26 13:17:32,14.69727 , 1.77471
2022-06-26 13:18:32,17.04102 , 6.30941
2022-06-26 13:19:32,14.89258 , 1.97638
2022-06-26 13:20:32,22.31445 , 0.00000
2022-06-26 13:21:33,22.33887 , 0.00000
2022-06-26 13:22:33,16.52832 , 6.17201
2022-06-26 13:23:33,22.16797 , 0.00000
2022-06-26 13:24:33,22.02149 , 0.00000
2022-06-26 13:25:33,16.87012 , 5.43730
2022-06-26 13:26:33,16.79688 , 5.40768
2022-06-26 13:27:34,16.47949 , 5.54348
2022-06-26 13:28:34,21.72852 , 0.00000
2022-06-26 13:29:34,21.72852 , 0.00000
2022-06-26 13:30:34,21.70410 , 0.00000
2022-06-26 13:31:34,21.67969 , 0.00000
2022-06-26 13:32:34,16.45508 , 5.42901
2022-06-26 13:33:34,16.65039 , 5.31416
2022-06-26 13:34:35,16.72363 , 5.23591
2022-06-26 13:35:35,16.62598 , 5.25974
2022-06-26 13:36:35,16.74805 , 5.11031
2022-06-26 13:37:35,21.55762 , 0.00000
2022-06-26 13:38:35,21.48438 , 0.00000
2022-06-26 13:39:35,21.48438 , 0.00000
2022-06-26 13:40:36,16.52832 , 5.25286
2022-06-26 13:41:36,16.65039 , 5.15026
2022-06-26 13:42:36,16.91895 , 4.22523
2022-06-26 13:43:36,21.53320 , 0.00000
2022-06-26 13:44:36,21.48438 , 0.00000
2022-06-26 13:45:36,21.50879 , 0.00000
2022-06-26 13:46:36,21.53320 , 0.00000
2022-06-26 13:47:37,21.45996 , 0.00000
2022-06-26 13:48:37,21.48438 , 0.00000
2022-06-26 13:49:37,21.41113 , 0.00000
2022-06-26 13:50:37,21.43555 , 0.00000
2022-06-26 13:51:37,21.38672 , 0.00000
2022-06-26 13:52:37,21.31348 , 0.00000
2022-06-26 13:53:38,16.08887 , 5.35177
2022-06-26 13:54:38,16.65039 , 4.61613
2022-06-26 13:55:38,16.38184 , 4.99833
2022-06-26 13:56:38,16.74805 , 4.39701
2022-06-26 13:57:38,21.43555 , 0.00000
2022-06-26 13:58:38,21.38672 , 0.00000
2022-06-26 13:59:38,21.45996 , 0.00000
2022-06-26 14:00:39,21.11816 , 0.00000
2022-06-26 14:01:39,16.50391 , 5.08973
2022-06-26 14:02:39,16.69922 , 4.99288
2022-06-26 14:03:39,16.40625 , 5.22968
2022-06-26 14:04:39,16.45508 , 5.14698
2022-06-26 14:05:39,16.33301 , 5.23301
2022-06-26 14:06:40,16.35742 , 5.20417
2022-06-26 14:07:40,21.38672 , 0.00000
2022-06-26 14:08:40,16.69922 , 4.86838
2022-06-26 14:09:40,16.55274 , 5.00805
2022-06-26 14:10:40,16.38184 , 5.13869
2022-06-26 14:11:40,16.52832 , 5.02615
2022-06-26 14:12:40,16.55274 , 5.02167
2022-06-26 14:13:41,16.55274 , 4.99585
2022-06-26 14:14:41,16.18652 , 5.28613
2022-06-26 14:15:41,16.11328 , 5.31838
2022-06-26 14:16:41,21.41113 , 0.00000
2022-06-26 14:17:41,21.41113 , 0.00000
2022-06-26 14:18:41,21.38672 , 0.00000
2022-06-26 14:19:42,21.38672 , 0.00000
2022-06-26 14:20:42,21.31348 , 0.00000
2022-06-26 14:21:42,21.36231 , 0.00000
2022-06-26 14:22:42,21.43555 , 0.00000
2022-06-26 14:23:42,16.23535 , 4.17264
2022-06-26 14:24:42,16.08887 , 4.19940
2022-06-26 14:25:43,15.47852 , 3.69612
2022-06-26 14:26:43,15.52734 , 2.84002
2022-06-26 14:27:43,15.13672 , 2.33816
2022-06-26 14:28:43,15.38086 , 2.58609
2022-06-26 14:29:43,15.01465 , 1.80567
2022-06-26 14:30:43,15.47852 , 3.02072
2022-06-26 14:31:43,14.99023 , 1.89548
2022-06-26 14:32:44,14.79492 , 1.55130
2022-06-26 14:33:44,14.69727 , 1.43518
2022-06-26 14:34:44,21.63086 , 0.00000
2022-06-26 14:35:44,15.99121 , 4.06937
2022-06-26 14:36:44,15.60059 , 2.99405
2022-06-26 14:37:44,21.75293 , 0.00000
2022-06-26 14:38:45,16.45508 , 5.09972
2022-06-26 14:39:45,16.30859 , 4.51911
2022-06-26 14:40:45,21.75293 , 0.00000
2022-06-26 14:41:45,21.82617 , 0.00000
2022-06-26 14:42:45,21.75293 , 0.00000
2022-06-26 14:43:45,15.89355 , 3.61475
2022-06-26 14:44:45,15.57617 , 2.95121
2022-06-26 14:45:46,15.64941 , 3.44977
2022-06-26 14:46:46,21.38672 , 0.00000
2022-06-26 14:47:46,21.33789 , 0.00000
2022-06-26 14:48:46,21.36231 , 0.00000
2022-06-26 14:49:46,15.69824 , 3.61853
2022-06-26 14:50:46,15.89355 , 2.49896
2022-06-26 14:51:47,21.53320 , 0.00000
2022-06-26 14:52:47,21.72852 , 0.00000
2022-06-26 14:53:47,21.48438 , 0.00000
2022-06-26 14:54:47,21.53320 , 0.00000
2022-06-26 14:55:47,16.13770 , 4.21134
2022-06-26 14:56:47,21.58203 , 0.00000
2022-06-26 14:57:47,21.72852 , 0.00000
2022-06-26 14:58:48,21.72852 , 0.00000
2022-06-26 14:59:48,16.16211 , 4.99192
2022-06-26 15:00:48,16.45508 , 4.89528
2022-06-26 15:01:48,16.50391 , 4.80078
2022-06-26 15:02:48,21.53320 , 0.00000
2022-06-26 15:03:48,21.53320 , 0.00000
2022-06-26 15:04:49,16.13770 , 4.91061
2022-06-26 15:05:49,16.60156 , 4.67769
2022-06-26 15:06:49,21.48438 , 0.00000
2022-06-26 15:07:49,21.48438 , 0.00000
2022-06-26 15:08:49,15.89355 , 4.80815
2022-06-26 15:09:49,14.96582 , 2.06891
2022-06-26 15:10:49,14.57520 , 1.18452
2022-06-26 15:11:50,14.52637 , 1.15367
2022-06-26 15:12:50,14.50195 , 1.19530
2022-06-26 15:13:50,14.50195 , 1.31408
2022-06-26 15:14:50,14.57520 , 1.70342
2022-06-26 15:15:50,14.57520 , 1.39035
2022-06-26 15:16:50,14.42871 , 1.15055
2022-06-26 15:17:51,14.37988 , 1.18472
2022-06-26 15:18:51,14.25781 , 1.20184
2022-06-26 15:19:51,14.25781 , 1.18624
2022-06-26 15:20:51,14.23340 , 1.11928
2022-06-26 15:21:51,14.13574 , 0.93277
2022-06-26 15:22:51,14.20898 , 0.84692
2022-06-26 15:23:52,13.98926 , 0.69524
2022-06-26 15:24:52,13.91602 , 0.52449
2022-06-26 15:25:52,13.81836 , 0.37835
2022-06-26 15:26:52,13.94043 , 0.34979
2022-06-26 15:27:52,13.98926 , 0.35798
2022-06-26 15:28:52,13.98926 , 0.36590
2022-06-26 15:29:52,13.96484 , 0.34697
2022-06-26 15:30:53,13.91602 , 0.32002
2022-06-26 15:31:53,13.89160 , 0.27849
2022-06-26 15:32:53,13.96484 , 0.25389
2022-06-26 15:33:53,13.89160 , 0.25601
2022-06-26 15:34:53,13.79395 , 0.22768
2022-06-26 15:35:53,13.86719 , 0.20509
2022-06-26 15:36:54,13.94043 , 0.21638
2022-06-26 15:37:54,13.84277 , 0.28327
2022-06-26 15:38:54,13.98926 , 0.44240
2022-06-26 15:39:54,13.89160 , 0.60739
2022-06-26 15:40:54,14.01367 , 0.77557
2022-06-26 15:41:54,14.11133 , 1.00020
2022-06-26 15:42:54,14.08691 , 1.17968
2022-06-26 15:43:55,14.13574 , 1.14398
2022-06-26 15:44:55,14.03809 , 0.96690
2022-06-26 15:45:55,13.94043 , 0.76247
2022-06-26 15:46:55,13.96484 , 0.64907
2022-06-26 15:47:55,13.86719 , 0.60264
2022-06-26 15:48:55,13.79395 , 0.60363
2022-06-26 15:49:56,13.69629 , 0.58506
2022-06-26 15:50:56,13.67187 , 0.55811
2022-06-26 15:51:56,13.67187 , 0.55557
2022-06-26 15:52:56,13.72070 , 0.57850
2022-06-26 15:53:56,13.67187 , 0.59628
2022-06-26 15:54:56,13.67187 , 0.58306
2022-06-26 15:55:56,13.67187 , 0.58630
2022-06-26 15:56:57,13.74512 , 0.60480
2022-06-26 15:57:57,13.76953 , 0.64506
2022-06-26 15:58:57,13.74512 , 0.68564
2022-06-26 15:59:57,13.74512 , 0.74324
2022-06-26 16:00:57,13.81836 , 0.80959
2022-06-26 16:01:57,13.79395 , 0.86832
2022-06-26 16:02:58,13.94043 , 0.98624
2022-06-26 16:03:58,13.91602 , 1.10665
2022-06-26 16:04:58,14.03809 , 1.27108
2022-06-26 16:05:58,14.30664 , 1.70153
2022-06-26 16:06:58,16.47949 , 5.23963
2022-06-26 16:07:58,14.81934 , 1.92537
2022-06-26 16:08:59,22.38770 , 0.00000
2022-06-26 16:09:59,16.01563 , 4.51467
2022-06-26 16:10:59,15.91797 , 4.17125
2022-06-26 16:11:59,15.89355 , 3.96051
2022-06-26 16:12:59,15.72266 , 3.88957
2022-06-26 16:13:59,15.33203 , 2.68034
2022-06-26 16:14:59,15.35645 , 2.75192
2022-06-26 16:16:00,15.60059 , 2.97039
2022-06-26 16:17:00,14.55078 , 0.89283
2022-06-26 16:18:00,14.33105 , 0.91753
2022-06-26 16:19:00,14.30664 , 0.92680
2022-06-26 16:20:00,14.25781 , 0.89559
2022-06-26 16:21:00,14.16016 , 0.83600
2022-06-26 16:22:01,14.18457 , 0.83247
2022-06-26 16:23:01,14.08691 , 0.85873
2022-06-26 16:24:01,14.11133 , 0.75607
2022-06-26 16:25:01,14.03809 , 0.67591
2022-06-26 16:26:01,13.94043 , 0.63100
2022-06-26 16:27:01,14.01367 , 0.61283
2022-06-26 16:28:01,13.98926 , 0.65913
2022-06-26 16:29:02,14.01367 , 0.77259
2022-06-26 16:30:02,13.96484 , 0.86481
2022-06-26 16:31:02,13.94043 , 0.90241
2022-06-26 16:32:02,13.98926 , 0.90511
2022-06-26 16:33:02,13.96484 , 0.84881
2022-06-26 16:34:02,14.42871 , 0.89034
2022-06-26 16:35:03,14.59961 , 1.07925
2022-06-26 16:36:03,14.57520 , 0.79898
2022-06-26 16:37:03,14.69727 , 0.82659
2022-06-26 16:38:03,14.64844 , 0.77009
2022-06-26 16:39:03,14.52637 , 0.74703
2022-06-26 16:40:03,14.59961 , 0.71948
2022-06-26 16:41:03,14.57520 , 0.69763
2022-06-26 16:42:04,14.69727 , 0.67430
2022-06-26 16:43:04,14.67285 , 0.58587
2022-06-26 16:44:04,14.67285 , 0.49168
2022-06-26 16:45:04,14.57520 , 0.43566
2022-06-26 16:46:04,14.57520 , 0.43212
2022-06-26 16:47:04,14.55078 , 0.49093
2022-06-26 16:48:05,14.52637 , 0.58628
2022-06-26 16:49:05,14.52637 , 0.63061
2022-06-26 16:50:05,14.72168 , 0.74149
2022-06-26 16:51:05,14.84375 , 0.90606
2022-06-26 16:52:05,14.91699 , 1.10560
2022-06-26 16:53:05,21.21582 , 0.00000
2022-06-26 16:54:05,21.24024 , 0.00000
2022-06-26 16:55:06,21.50879 , 0.00000
2022-06-26 16:56:06,22.04590 , 0.00000
2022-06-26 16:57:06,14.57520 , 0.98499
2022-06-26 16:58:06,21.09375 , 0.00000
2022-06-26 16:59:06,15.55176 , 2.58263
